Title,Release Date,Rating,Genres,Plays
Elden Ring,25-Feb-22,4.5,Adventure-RPG,17000
Hades,10-Dec-19,4.3,Adventure-Brawler-Indie-RPG,21000
The Legend of Zelda: Breath of the Wild,3-Mar-17,4.4,Adventure-RPG,30000
Undertale,15-Sep-15,4.2,Adventure-Indie-RPG-Turn Based Strategy,28000
Hollow Knight,24-Feb-17,4.4,Adventure-Indie-Platform,21000
Minecraft,18-Nov-11,4.3,Adventure-Simulator,33000
Omori,25-Dec-20,4.2,Adventure-Indie-RPG-Turn Based Strategy,7200
Metroid Dread,7-Oct-21,4.3,Adventure-Platform,9200
Among Us,15-Jun-18,3.0,Indie-Strategy,25000
NieR: Automata,23-Feb-17,4.3,Brawler-RPG,18000
Persona 5 Royal,31-Oct-19,4.4,Adventure-RPG-Turn Based Strategy,12000
Stray,19-Jul-22,3.7,Adventure-Indie,7700
God of War,20-Apr-18,4.2,Adventure-Brawler-RPG,21000
Portal 2,18-Apr-11,4.4,Adventure-Platform-Puzzle-Shooter,29000
Bloodborne,24-Mar-15,4.5,Adventure-RPG,17000
Celeste,25-Jan-18,4.2,Adventure-Indie-Platform,20000
Yakuza 0,12-Mar-15,4.4,Adventure-Brawler-RPG-Simulator,15000
Red Dead Redemption 2,26-Oct-18,4.4,Adventure-RPG-Shooter,19000
Portal,10-Oct-07,4.1,Platform-Puzzle-Shooter,28000
Super Mario Odyssey,27-Oct-17,4.2,Adventure-Platform,25000
Pokémon Legends: Arceus,28-Jan-22,3.7,Adventure-RPG-Turn Based Strategy,9100
Hi-Fi Rush,25-Jan-23,4.3,Adventure-Brawler-Music-Platform,3000
Metal Gear Rising: Revengeance,19-Feb-13,4.1,Adventure-Brawler-Shooter-Strategy,14000
Grand Theft Auto V,17-Sep-13,3.8,Adventure-Shooter,30000
Cyberpunk 2077,9-Dec-20,3.3,Adventure-RPG-Shooter,13000
God of War Ragnarök,9-Nov-22,4.4,Adventure-Brawler,5300
Xenoblade Chronicles 3,29-Jul-22,4.4,Adventure-RPG,3900
Kirby and the Forgotten Land,25-Mar-22,4.2,Adventure-Platform,5900
Disco Elysium: The Final Cut,1-May-20,4.6,Adventure-Indie-RPG,6000
Marvel's Spider-Man,7-Sep-18,4.1,Adventure-Brawler,21000
Dark Souls III,24-Mar-16,4.2,Adventure-RPG,19000
NieR Replicant ver.1.22474487139...,22-Apr-21,4.2,Adventure-RPG,6700
Super Mario 64,23-Jun-96,4.1,Adventure-Platform,21000
Super Smash Bros. Ultimate,7-Dec-18,4.1,Fighting-Platform,25000
Cuphead,29-Sep-17,4.1,Arcade-Indie-Platform-Shooter,18000
Sekiro: Shadows Die Twice,22-Mar-19,4.4,Adventure-Brawler,14000
Final Fantasy VII,31-Jan-97,4.2,Adventure-RPG-Turn Based Strategy,15000
Persona 4 Golden,15-Jun-12,4.2,Adventure-RPG-Simulator-Visual Novel,13000
Genshin Impact,28-Sep-20,2.6,Adventure-RPG,14000
Signalis,27-Oct-22,4.2,Adventure-Indie,2200
Resident Evil Village,6-May-21,3.9,Adventure-Shooter,9900
Super Mario Galaxy,1-Nov-07,4.3,Adventure-Platform,21000
Fallout: New Vegas,19-Oct-10,4.3,RPG-Shooter,16000
Outer Wilds,28-May-19,4.6,Adventure-Indie-Puzzle-Simulator,7700
Resident Evil 2,25-Jan-19,4.3,Adventure-Shooter,15000
Doom,12-May-16,4.0,Shooter,18000
Shin Megami Tensei V,12-Nov-21,3.8,Adventure-RPG-Turn Based Strategy,4100
Bayonetta,29-Oct-09,3.9,Brawler-Shooter,13000
Stardew Valley,26-Feb-16,4.1,Indie-RPG-Simulator-Strategy,20000
The Last of Us Part II,19-Jun-20,4.1,Adventure-Shooter,13000
Silent Hill 2,24-Sep-01,4.5,Adventure-Puzzle,8600
The Witcher 3: Wild Hunt,19-May-15,4.3,Adventure-RPG,17000
Persona 5,15-Sep-16,4.1,Adventure-RPG-Turn Based Strategy,16000
Doom Eternal,19-Mar-20,4.2,Shooter,12000
The Elder Scrolls V: Skyrim,10-Nov-11,3.7,Adventure-RPG,22000
Neon White,16-Jun-22,4.1,Indie-Platform-Shooter-Visual Novel,2900
Devil May Cry 5,8-Mar-19,4.3,Adventure-Brawler,12000
Overwatch 2,4-Oct-22,2.7,Shooter,6600
Resident Evil 4,11-Jan-05,4.3,Shooter,14000
Final Fantasy VII Remake,10-Apr-20,4.1,Adventure-RPG,12000
Sonic Frontiers,8-Nov-22,3.6,Adventure-Platform,2900
Inscryption,19-Oct-21,4.1,Adventure-Card & Board Game-Indie-Puzzle-Strategy,5400
Tunic,16-Mar-22,3.9,Adventure-Indie-Puzzle-RPG,3400
Dark Souls,22-Sep-11,4.3,Adventure-RPG,14000
The Legend of Zelda: Ocarina of Time,21-Nov-98,4.3,Adventure-RPG,17000
Deltarune: Chapter 2,17-Sep-21,4.3,Adventure-Indie-RPG-Turn Based Strategy,7500
Chrono Trigger,11-Mar-95,4.5,Adventure-RPG,9100
Metal Gear Solid 2: Sons of Liberty,13-Nov-01,4.4,Adventure,10000
Super Mario World,21-Nov-90,4.2,Adventure-Platform,18000
Death Stranding,8-Nov-19,3.9,Adventure-RPG-Shooter,9400
Marvel's Spider-Man: Miles Morales,12-Nov-20,3.9,Adventure-Brawler,9900
Dark Souls: Remastered,23-May-18,4.3,Adventure-RPG,11000
EarthBound,27-Aug-94,4.2,Adventure-RPG-Turn Based Strategy,9000
Castlevania: Symphony of the Night,20-Mar-97,4.4,Adventure-Platform-RPG,9100
Super Metroid,19-Mar-94,4.3,Adventure-Platform-Shooter,11000
Super Mario Bros.,13-Sep-85,3.5,Adventure-Platform,18000
The Legend of Zelda: Majora's Mask,27-Apr-00,4.4,Adventure,13000
Star Wars Jedi: Fallen Order,15-Nov-19,3.7,Adventure,13000
The Last of Us,14-Jun-13,4.2,Adventure-Shooter,17000
Terraria,16-May-11,4.0,Adventure-Indie-Platform-RPG-Strategy,18000
Resident Evil 7: Biohazard,24-Jan-17,3.9,Adventure-Shooter,13000
Metal Gear Solid V: The Phantom Pain,1-Sep-15,3.8,Adventure-Shooter-Tactical,14000
Overwatch,24-May-16,3.2,Shooter-Strategy,19000
Half-Life 2,16-Nov-04,4.2,Shooter,15000
Fire Emblem: Three Houses,25-Jul-19,4.0,Adventure-RPG-Strategy-Tactical-Turn Based Strategy,12000
Grand Theft Auto: San Andreas,26-Oct-04,4.1,Adventure-Racing-Shooter,19000
13 Sentinels: Aegis Rim,28-Nov-19,4.4,Adventure-Simulator-Strategy-Tactical,3700
Persona 3 FES,19-Apr-07,4.1,RPG-Simulator-Visual Novel,8400
Devil May Cry,23-Aug-01,3.5,Brawler,10000
Mario Kart 8 Deluxe,28-Apr-17,4.0,Arcade-Racing,19000
Fire Emblem Engage,20-Jan-23,3.9,Adventure-RPG-Strategy-Tactical-Turn Based Strategy,1600
Pokémon Violet,18-Nov-22,3.5,Adventure-RPG-Turn Based Strategy,3400
Hotline Miami,23-Oct-12,4.0,Arcade-Indie-Shooter,14000
Pizza Tower,26-Jan-23,4.5,Indie-Platform,1200
Psychonauts 2,24-Aug-21,4.2,Adventure-Platform,4300
Metroid Prime Remastered,8-Feb-23,4.5,Adventure-Platform-Shooter,1100
Halo Infinite,15-Nov-21,3.3,Adventure-Shooter,6400
Batman: Arkham Asylum,25-Aug-09,3.9,Adventure-Brawler,17000
Super Mario Sunshine,19-Jul-02,3.7,Adventure-Platform,14000
Mother 3,20-Apr-06,4.5,RPG-Turn Based Strategy,5700
MultiVersus,19-Jul-22,2.8,Fighting,5600
Xenoblade Chronicles: Definitive Edition,29-May-20,4.3,RPG,7400
Half-Life,19-Nov-98,4.0,Adventure-Puzzle-Shooter,13000
Marvel's Guardians of the Galaxy,26-Oct-21,3.8,Adventure-RPG-Shooter,5100
Danganronpa: Trigger Happy Havoc,25-Nov-10,3.5,Adventure-Visual Novel,12000
Cult of the Lamb,11-Aug-22,3.6,Adventure-Brawler-Indie-RPG-Simulator-Strategy,2800
Sonic Mania,15-Aug-17,4.0,Adventure-Platform,12000
Horizon Zero Dawn,28-Feb-17,3.6,Adventure-RPG-Shooter,13000
Left 4 Dead 2,17-Nov-09,3.9,Shooter,19000
League of Legends,27-Oct-09,2.1,MOBA-RPG-Strategy,13000
Control,27-Aug-19,3.6,Adventure-Shooter,9600
Doki Doki Literature Club!,22-Sep-17,3.3,Adventure-Indie-Visual Novel,14000
Batman: Arkham City,18-Oct-11,4.1,Adventure-Brawler,16000
Yakuza Kiwami,21-Jan-16,3.7,Adventure-Brawler-RPG,9700
Phoenix Wright: Ace Attorney,15-Sep-05,4.1,Adventure-Puzzle-Visual Novel,12000
Team Fortress 2,9-Oct-07,3.9,Shooter,16000
Xenoblade Chronicles 2,1-Dec-17,3.9,Adventure-RPG,7400
Splatoon 3,9-Sep-22,4.1,Platform-Shooter,3500
Chrome Dino,1-Sep-14,3.5,Arcade,14000
Katana Zero,18-Apr-19,4.1,Adventure-Arcade-Indie-Platform-Strategy,9300
Life is Strange,29-Jan-15,3.4,Adventure-RPG,15000
Dark Souls II: Scholar of the First Sin,2-Apr-15,3.5,Adventure-RPG,11000
Deathloop,14-Sep-21,3.5,Adventure-Shooter,4200
Shadow of the Colossus,18-Oct-05,4.4,Adventure-Platform-Puzzle,10000
Teenage Mutant Ninja Turtles: Shredder's Revenge,16-Jun-22,3.8,Arcade-Brawler-Indie,3500
Sifu,8-Feb-22,3.8,Brawler-Indie,2700
Super Mario Bros. 3,23-Oct-88,4.0,Platform,14000
Dishonored,9-Oct-12,3.9,Adventure-RPG,14000
Metal Gear Solid 3: Snake Eater,17-Nov-04,4.5,Adventure-Shooter-Tactical,9200
Journey,13-Mar-12,3.9,Adventure-Platform,12000
Kingdom Hearts,28-Mar-02,3.6,Adventure-RPG,12000
Titanfall 2,28-Oct-16,4.1,Adventure-Shooter,12000
Doom,10-Dec-93,4.0,Shooter,11000
Live A Live,22-Jul-22,4.1,RPG,1100
The Last of Us Remastered,26-Jul-14,4.3,Adventure-Shooter,12000
Sonic the Hedgehog,23-Jun-91,3.1,Platform,12000
Rocket League,6-Jul-15,3.4,Indie-Racing-Sport,17000
Batman: Arkham Knight,23-Jun-15,3.7,Adventure-Brawler,13000
Bayonetta 3,28-Oct-22,3.7,Brawler,1600
Disco Elysium,15-Oct-19,4.6,Adventure-RPG-Turn Based Strategy,4000
Guilty Gear: Strive,11-Jun-21,3.9,Fighting,5500
Wii Sports,19-Nov-06,3.7,Simulator-Sport,18000
Hogwarts Legacy,10-Feb-23,3.5,Adventure-RPG,1400
Mario Kart Wii,10-Apr-08,3.9,Racing,19000
Resident Evil 3,3-Apr-20,3.2,Adventure-Shooter,8400
Unpacking,2-Nov-21,3.6,Indie-Puzzle-Simulator,4900
Red Dead Redemption,18-May-10,4.2,Adventure-RPG-Shooter,13000
Tales of Arise,10-Sep-21,3.6,Adventure-RPG,3100
Deltarune: Chapter 1,31-Oct-18,3.9,Adventure-Indie-RPG-Turn Based Strategy,11000
Dead Space,27-Jan-23,4.3,Adventure-RPG-Shooter,1300
Tomb Raider,4-Mar-13,3.5,Adventure-Platform-Puzzle-Shooter,15000
Super Mario Galaxy 2,23-May-10,4.3,Adventure-Platform,13000
Donkey Kong Country,18-Nov-94,3.9,Adventure-Platform,11000
What Remains of Edith Finch,24-Apr-17,4.0,Adventure-Indie-Puzzle,8600
Monster Hunter Rise,26-Mar-21,4.0,Adventure-Brawler-RPG,5700
Pokémon Emerald,16-Sep-04,4.0,Adventure-RPG-Turn Based Strategy,16000
NEO: The World Ends with You,26-Jul-21,4.2,Brawler-RPG,2500
Assassin's Creed II,17-Nov-09,3.8,Adventure-Platform,16000
Pokémon Scarlet,18-Nov-22,3.5,Adventure-RPG-Turn Based Strategy,2600
Dead Space,14-Oct-08,4.0,Shooter,9600
New Super Mario Bros.,15-May-06,3.5,Adventure-Platform,16000
Shadow of the Colossus,6-Feb-18,4.1,Adventure-Platform-Puzzle,7800
Horizon Forbidden West,18-Feb-22,3.8,Adventure-RPG,2700
God of War,22-Mar-05,3.6,Adventure-Brawler-Strategy,11000
Detroit: Become Human,25-May-18,3.5,Adventure-Puzzle,11000
Final Fantasy XV,29-Nov-16,3.3,Adventure-RPG,11000
Persona 5 Strikers,20-Feb-20,3.7,Adventure-Brawler-RPG,5100
Limbo,21-Jul-10,3.5,Adventure-Indie-Platform-Puzzle,13000
Pokémon Platinum,13-Sep-08,4.1,Adventure-RPG-Turn Based Strategy,14000
Stranger of Paradise: Final Fantasy Origin,18-Mar-22,3.6,Adventure-RPG,1600
Killer7,9-Jun-05,4.3,Adventure-Shooter,2800
Grand Theft Auto IV,29-Apr-08,3.8,Adventure-Racing-Shooter,14000
Metroid: Zero Mission,9-Feb-04,4.0,Adventure-Platform-Shooter,7500
Final Fantasy X,19-Jul-01,4.1,Adventure-RPG,8500
Danganronpa 2: Goodbye Despair,26-Jul-12,3.9,Adventure-Visual Novel,9900
Final Fantasy IX,7-Jul-00,4.3,RPG-Turn Based Strategy,6800
Halo 3,25-Sep-07,4.2,Shooter,12000
Metroid Fusion,17-Nov-02,4.0,Adventure-Platform-Shooter,7900
Final Fantasy VI,2-Apr-94,4.4,Adventure-RPG,6100
VA-11 Hall-A: Cyberpunk Bartender Action,21-Jun-16,4.1,Adventure-Indie-Simulator-Visual Novel,5400
Dead Cells,6-Aug-18,3.8,Adventure-Indie-Platform,9200
Far Cry 3,28-Nov-12,3.7,Adventure-Shooter,14000
The Stanley Parable: Ultra Deluxe,27-Apr-22,4.1,Adventure-Simulator,3200
SuperHot,25-Feb-16,3.7,Fighting-Indie-Puzzle-Shooter-Tactical,12000
Plants vs. Zombies,5-May-09,3.7,Puzzle-Real Time Strategy-Simulator-Strategy-Tactical,14000
Ori and the Blind Forest,11-Mar-15,3.9,Adventure-Platform-Puzzle,7900
Demon's Souls,12-Nov-20,3.9,Adventure-RPG,4100
A Plague Tale: Innocence,14-May-19,3.7,Adventure-RPG,5400
The Legend of Zelda: Link's Awakening,20-Sep-19,3.9,Adventure,7600
Assassin's Creed,13-Nov-07,2.9,Adventure-Platform,13000
Judgment,13-Dec-18,4.1,Adventure-RPG,3100
Call of Duty: Black Ops,9-Nov-10,3.7,Shooter,14000
Ratchet & Clank: Rift Apart,11-Jun-21,4.0,Adventure-Platform-Shooter,3700
Pokémon Black,18-Sep-10,4.0,Adventure-RPG-Turn Based Strategy,12000
The Stanley Parable,17-Oct-13,3.8,Adventure-Indie,10000
The Legend of Zelda,21-Feb-86,3.2,Adventure,9300
AI: The Somnium Files - Nirvana Initiative,23-Jun-22,3.9,Adventure-Puzzle-Visual Novel,1500
Ghost Trick: Phantom Detective,19-Jun-10,4.4,Adventure-Puzzle,3600
Dragon Quest XI S: Echoes of an Elusive Age - Definitive Edition,27-Sep-19,4.2,Adventure-RPG,4700
Paper Mario: The Thousand-Year Door,22-Jul-04,4.4,Adventure-RPG-Turn Based Strategy,6700
God of War II,13-Mar-07,4.0,Adventure-Brawler-Platform,9300
Mass Effect 2,26-Jan-10,4.3,Adventure-RPG-Shooter,9600
Forza Horizon 5,9-Nov-21,3.8,Racing,4600
Metal Gear Solid V: Ground Zeroes,18-Mar-14,3.3,Adventure-RPG-Shooter-Strategy,9500
No More Heroes III,27-Aug-21,3.9,Brawler,1600
Banjo-Kazooie,29-Jun-98,4.0,Adventure-Platform,7400
Astro's Playroom,12-Nov-20,4.0,Adventure-Platform,5700
Call of Duty: Black Ops II,12-Nov-12,3.8,Shooter,13000
The Legend of Zelda: Skyward Sword HD,16-Jul-21,3.8,Adventure-RPG,3700
Mega Man X,17-Dec-93,4.1,Adventure-Platform-Shooter,6900
Subnautica,23-Jan-18,3.8,Adventure-Indie,7200
Returnal,30-Apr-21,4.0,Shooter,2400
New Super Mario Bros. Wii,12-Nov-09,3.5,Adventure-Platform,13000
Citizen Sleeper,5-May-22,4.1,Adventure-Indie-RPG,1200
Yakuza 3 Remastered,9-Aug-18,3.3,Adventure-RPG-Simulator,4300
Garry's Mod,24-Dec-04,3.8,Indie-Simulator,12000
Wolfenstein: The New Order,20-May-14,3.6,Adventure-Shooter,8400
Deus Ex,26-Jun-00,4.4,RPG-Shooter,3800
BioShock 2,9-Feb-10,3.6,Adventure-RPG-Shooter,9100
Soul Hackers 2,25-Aug-22,3.1,RPG,750
Enter the Gungeon,5-Apr-16,3.6,Adventure-Arcade-Indie-Shooter,8900
The House in Fata Morgana,27-Dec-12,4.4,Adventure-Indie-Visual Novel,1700
Shovel Knight,26-Jun-14,4.0,Adventure-Indie-Platform,8500
Firewatch,9-Feb-16,3.7,Adventure-Indie,7800
Dark Souls II,11-Mar-14,3.3,Adventure-RPG,6700
Blasphemous,10-Sep-19,3.7,Adventure-Brawler-Indie-Platform-RPG,4200
Final Fantasy XIV Online,27-Aug-13,3.7,Adventure-RPG-Strategy,5900
Immortality,30-Aug-22,3.9,Indie-Simulator,1200
Resident Evil 6,2-Oct-12,2.5,Adventure-Shooter,7800
Devil May Cry 3: Dante's Awakening,17-Feb-05,4.2,Adventure-Brawler-Shooter,6100
The Last of Us Part I,1-Sep-22,4.4,Adventure-Shooter,1400
Super Meat Boy,20-Oct-10,3.5,Adventure-Indie-Platform,10000
Mass Effect Legendary Edition,14-May-21,4.5,Adventure-RPG-Shooter-Strategy,2800
Helltaker,11-May-20,3.3,Adventure-Indie-Puzzle,7500
Pokémon Sword,15-Nov-19,2.9,Adventure-RPG,9700
Crash Bandicoot N. Sane Trilogy,30-Jun-17,3.8,Adventure-Platform,7700
Tetris,1-Nov-89,4.1,Arcade-Puzzle,9600
Valorant,2-Jun-20,2.5,Shooter-Tactical,8200
Super Mario 3D World,21-Nov-13,3.9,Adventure-Platform,9600
Uncharted 3: Drake's Deception,1-Nov-11,3.6,Adventure-Platform-Shooter,11000
Phoenix Wright: Ace Attorney - Trials and Tribulations,31-Mar-06,4.4,Adventure-Visual Novel,6600
Yume Nikki,26-Jun-04,4.0,Adventure-Indie,4000
Max Payne,23-Jul-01,3.9,Shooter,6300
Five Nights at Freddy's,8-Aug-14,2.9,Adventure-Indie-Simulator-Strategy,8400
Donkey Kong Country 2: Diddy's Kong Quest,21-Nov-95,4.2,Adventure-Platform,6600
Pokémon White,18-Sep-10,4.1,Adventure-RPG-Turn Based Strategy,9000
Outlast,4-Sep-13,3.3,Adventure-Indie,7500
Hitman 3,20-Jan-21,4.1,Adventure-Shooter-Tactical,3300
Sable,23-Sep-21,3.5,Adventure-Indie-Platform-Puzzle-RPG,1300
Super Smash Bros. for Wii U,21-Nov-14,3.5,Fighting-Platform,11000
Kirby's Adventure,23-Mar-93,3.6,Platform,6000
Tekken 7,18-Feb-15,3.8,Fighting,6600
Umineko: When They Cry Chiru,15-Sep-09,4.6,Adventure-Visual Novel,1700
Kingdom Hearts II Final Mix,29-Mar-07,4.5,Adventure-Brawler-Platform-RPG-Shooter,4400
Superliminal,12-Nov-19,3.6,Adventure-Indie-Puzzle-Shooter,3800
Death Stranding: Director's Cut,24-Sep-21,4.2,Adventure,1300
Persona 4,10-Jul-08,4.0,RPG-Simulator-Visual Novel,5700
Wordle,21-Jun-21,3.2,Puzzle,3000
The Sims 4,2-Sep-14,3.0,RPG-Simulator,8300
Far Cry 4,18-Nov-14,3.2,Adventure-Shooter-Tactical,8500
Sonic Forces,7-Nov-17,1.9,Adventure-Platform-Strategy,5000
To the Moon,1-Nov-11,3.9,Adventure-Indie-Puzzle-RPG,4700
Baba is You,13-Mar-19,4.0,Indie-Puzzle-Strategy,4600
The Witcher 3: Wild Hunt - Game of the Year Edition,29-Aug-16,4.5,Adventure-RPG,6000
Super Smash Bros.,21-Jan-99,3.4,Fighting-Platform,9800
Super Mario 64 DS,21-Nov-04,3.6,Adventure-Platform,9100
Halo 4,6-Nov-12,3.0,Shooter,7600
Middle-earth: Shadow of Mordor,30-Sep-14,3.4,Adventure-Brawler-RPG,8400
Mega Man 2,2-Jun-89,3.6,Adventure-Platform,6100
Phoenix Wright: Ace Attorney Trilogy,17-Apr-14,4.3,Adventure-Puzzle-Simulator-Visual Novel,4000
Infamous: Second Son,21-Mar-14,3.4,Adventure-Platform-Shooter,7600
Star Wars: Knights of the Old Republic,15-Jul-03,4.2,Adventure-RPG,5300
No More Heroes 2: Desperate Struggle,26-Jan-10,3.5,Adventure-Brawler,3200
Kirby Super Star Ultra,22-Sep-08,4.3,Adventure-Platform,5800
Katamari Damacy,18-Mar-04,4.2,Adventure-Puzzle,4100
Shadow the Hedgehog,15-Nov-05,2.4,Adventure-Platform-Shooter,5600
Ōkami HD,30-Oct-12,4.2,Adventure-RPG,3300
Metroid: Samus Returns,15-Sep-17,3.6,Adventure-Platform,3900
Life is Strange: True Colors,10-Sep-21,3.6,Adventure,2300
Pokémon Black Version 2,23-Jun-12,4.2,Adventure-RPG-Turn Based Strategy,7600
Needy Streamer Overload,21-Jan-22,3.5,Adventure-Indie-RPG-Simulator-Visual Novel,1200
Borderlands,20-Oct-09,3.1,RPG-Shooter,9100
Hollow Knight: Voidheart Edition,25-Sep-18,4.5,Adventure-Indie-Platform,3900
Klonoa: Door to Phantomile,11-Dec-97,4.1,Platform,2200
Shadow of the Tomb Raider,14-Sep-18,3.3,Adventure-Shooter,4800
Mario & Luigi: Bowser's Inside Story,14-Sep-09,4.2,Platform-RPG,6600
Ghostrunner,27-Oct-20,3.5,Adventure-Platform-Shooter,3300
Watch Dogs 2,15-Nov-16,3.3,Adventure-Shooter,6600
Mass Effect 3,6-Mar-12,3.7,Adventure-RPG-Shooter,7300
Goat Simulator,1-Apr-14,2.4,Adventure-Indie-Simulator,8400
The Elder Scrolls V: Skyrim - Special Edition,27-Oct-16,4.0,Adventure-RPG,6500
Far Cry 5,26-Mar-18,3.0,Adventure-Shooter,6600
Call of Duty: Modern Warfare 3,8-Nov-11,3.2,Adventure-Shooter-Tactical,10000
Friday Night Funkin',1-Nov-20,2.8,Music,4500
Osu!,16-Sep-07,3.1,Indie-Music,7300
The Legend of Zelda: Twilight Princess,19-Nov-06,4.1,Adventure-RPG,6000
Bloodborne: The Old Hunters,24-Nov-15,4.6,Adventure-RPG,4400
Fire Emblem Warriors: Three Hopes,24-Jun-22,3.6,Brawler-RPG-Simulator-Strategy-Tactical,1100
Super Smash Bros. for Nintendo 3DS,13-Sep-14,3.3,Fighting,10000
The Legend of Heroes: Trails to Azure,29-Sep-11,4.5,Adventure-RPG-Strategy-Turn Based Strategy,1400
Super Mario RPG: Legend of the Seven Stars,9-Mar-96,4.0,Adventure-Platform-RPG,4400
Astral Chain,30-Aug-19,3.6,Adventure-Brawler,3600
DmC: Devil May Cry,15-Jan-13,3.0,Adventure-Brawler,6300
Dragon Age: Origins,3-Nov-09,4.0,RPG,6100
Vagrant Story,10-Feb-00,4.0,Adventure-RPG,1000
Amnesia: The Dark Descent,8-Sep-10,3.5,Adventure-Indie-Puzzle,4700
Monster Hunter Rise: Sunbreak,29-Jun-22,4.3,Brawler-RPG,1100
Super Mario Maker 2,28-Jun-19,3.7,Platform,6600
Fire Emblem: The Blazing Blade,25-Apr-03,3.7,RPG-Strategy-Tactical,3900
LEGO Marvel Super Heroes,30-Sep-13,3.6,Adventure-Brawler-Puzzle,6000
Sonic Colors,11-Nov-10,3.4,Adventure-Platform,5100
Pokémon Moon,18-Nov-16,3.3,Adventure-RPG-Strategy-Turn Based Strategy,7900
Zelda II: The Adventure of Link,14-Jan-87,2.6,Adventure-RPG,4500
Battlefield 4,29-Oct-13,3.5,Shooter,7100
Dragon Ball Z: Budokai Tenkaichi 3,4-Oct-07,3.9,Fighting,6600
WarioWare: Get It Together!,9-Sep-21,3.5,Arcade,2200
Beyond: Two Souls,8-Oct-13,2.7,Adventure,5400
Digimon Survive,28-Jul-22,3.4,Adventure-RPG-Simulator-Strategy-Turn Based Strategy,454
Spiritfarer,18-Aug-20,3.9,Adventure-Indie-Platform-Simulator,2300
Little Nightmares II,10-Feb-21,4.0,Adventure-Platform-Puzzle,2500
The Evil Within 2,12-Oct-17,3.7,Adventure-RPG-Shooter,2700
Bloons TD 6,14-Jun-18,3.8,Strategy-Tactical,4100
Sayonara Wild Hearts,19-Sep-19,3.9,Adventure-Arcade-Indie-Music,3100
Metro 2033 Redux,26-Aug-14,3.6,Adventure-RPG-Shooter,3900
Melty Blood: Type Lumina,29-Sep-21,3.6,Fighting-Visual Novel,1800
Elden Ring,25-Feb-22,4.5,Adventure-RPG,17000
Hades,10-Dec-19,4.3,Adventure-Brawler-Indie-RPG,21000
The Legend of Zelda: Breath of the Wild,3-Mar-17,4.4,Adventure-RPG,30000
Undertale,15-Sep-15,4.2,Adventure-Indie-RPG-Turn Based Strategy,28000
Hollow Knight,24-Feb-17,4.4,Adventure-Indie-Platform,21000
Minecraft,18-Nov-11,4.3,Adventure-Simulator,33000
Omori,25-Dec-20,4.2,Adventure-Indie-RPG-Turn Based Strategy,7200
Metroid Dread,7-Oct-21,4.3,Adventure-Platform,9200
Among Us,15-Jun-18,3.0,Indie-Strategy,25000
NieR: Automata,23-Feb-17,4.3,Brawler-RPG,18000
Persona 5 Royal,31-Oct-19,4.4,Adventure-RPG-Turn Based Strategy,12000
Stray,19-Jul-22,3.7,Adventure-Indie,7700
God of War,20-Apr-18,4.2,Adventure-Brawler-RPG,21000
Portal 2,18-Apr-11,4.4,Adventure-Platform-Puzzle-Shooter,29000
Bloodborne,24-Mar-15,4.5,Adventure-RPG,17000
Celeste,25-Jan-18,4.2,Adventure-Indie-Platform,20000
Yakuza 0,12-Mar-15,4.4,Adventure-Brawler-RPG-Simulator,15000
Red Dead Redemption 2,26-Oct-18,4.4,Adventure-RPG-Shooter,19000
Portal,10-Oct-07,4.1,Platform-Puzzle-Shooter,28000
Super Mario Odyssey,27-Oct-17,4.2,Adventure-Platform,25000
Pokémon Legends: Arceus,28-Jan-22,3.7,Adventure-RPG-Turn Based Strategy,9100
Hi-Fi Rush,25-Jan-23,4.3,Adventure-Brawler-Music-Platform,3000
Metal Gear Rising: Revengeance,19-Feb-13,4.1,Adventure-Brawler-Shooter-Strategy,14000
Grand Theft Auto V,17-Sep-13,3.8,Adventure-Shooter,30000
Cyberpunk 2077,9-Dec-20,3.3,Adventure-RPG-Shooter,13000
God of War Ragnarök,9-Nov-22,4.4,Adventure-Brawler,5300
Xenoblade Chronicles 3,29-Jul-22,4.4,Adventure-RPG,3900
Kirby and the Forgotten Land,25-Mar-22,4.2,Adventure-Platform,5900
Disco Elysium: The Final Cut,1-May-20,4.6,Adventure-Indie-RPG,6000
Marvel's Spider-Man,7-Sep-18,4.1,Adventure-Brawler,21000
Dark Souls III,24-Mar-16,4.2,Adventure-RPG,19000
NieR Replicant ver.1.22474487139...,22-Apr-21,4.2,Adventure-RPG,6700
Super Mario 64,23-Jun-96,4.1,Adventure-Platform,21000
Super Smash Bros. Ultimate,7-Dec-18,4.1,Fighting-Platform,25000
Cuphead,29-Sep-17,4.1,Arcade-Indie-Platform-Shooter,18000
Sekiro: Shadows Die Twice,22-Mar-19,4.4,Adventure-Brawler,14000
Final Fantasy VII,31-Jan-97,4.2,Adventure-RPG-Turn Based Strategy,15000
Persona 4 Golden,15-Jun-12,4.2,Adventure-RPG-Simulator-Visual Novel,13000
Genshin Impact,28-Sep-20,2.6,Adventure-RPG,14000
Signalis,27-Oct-22,4.2,Adventure-Indie,2200
Resident Evil Village,6-May-21,3.9,Adventure-Shooter,9900
Super Mario Galaxy,1-Nov-07,4.3,Adventure-Platform,21000
Fallout: New Vegas,19-Oct-10,4.3,RPG-Shooter,16000
Outer Wilds,28-May-19,4.6,Adventure-Indie-Puzzle-Simulator,7700
Resident Evil 2,25-Jan-19,4.3,Adventure-Shooter,15000
Doom,12-May-16,4.0,Shooter,18000
Shin Megami Tensei V,12-Nov-21,3.8,Adventure-RPG-Turn Based Strategy,4100
Bayonetta,29-Oct-09,3.9,Brawler-Shooter,13000
Stardew Valley,26-Feb-16,4.1,Indie-RPG-Simulator-Strategy,20000
The Last of Us Part II,19-Jun-20,4.1,Adventure-Shooter,13000
Silent Hill 2,24-Sep-01,4.5,Adventure-Puzzle,8600
The Witcher 3: Wild Hunt,19-May-15,4.3,Adventure-RPG,17000
Persona 5,15-Sep-16,4.1,Adventure-RPG-Turn Based Strategy,16000
Doom Eternal,19-Mar-20,4.2,Shooter,12000
The Elder Scrolls V: Skyrim,10-Nov-11,3.7,Adventure-RPG,22000
Neon White,16-Jun-22,4.1,Indie-Platform-Shooter-Visual Novel,2900
Devil May Cry 5,8-Mar-19,4.3,Adventure-Brawler,12000
Overwatch 2,4-Oct-22,2.7,Shooter,6600
Resident Evil 4,11-Jan-05,4.3,Shooter,14000
Final Fantasy VII Remake,10-Apr-20,4.1,Adventure-RPG,12000
Sonic Frontiers,8-Nov-22,3.6,Adventure-Platform,2900
Inscryption,19-Oct-21,4.1,Adventure-Card & Board Game-Indie-Puzzle-Strategy,5400
Tunic,16-Mar-22,3.9,Adventure-Indie-Puzzle-RPG,3400
Dark Souls,22-Sep-11,4.3,Adventure-RPG,14000
The Legend of Zelda: Ocarina of Time,21-Nov-98,4.3,Adventure-RPG,17000
Vampire Survivors,17-Dec-21,3.7,Arcade-Indie-RPG,6100
Batman: Arkham City,18-Oct-11,4.1,Adventure-Brawler,16000
Yakuza Kiwami,21-Jan-16,3.7,Adventure-Brawler-RPG,9700
Phoenix Wright: Ace Attorney,15-Sep-05,4.1,Adventure-Puzzle-Visual Novel,12000
Team Fortress 2,9-Oct-07,3.9,Shooter,16000
Xenoblade Chronicles 2,1-Dec-17,3.9,Adventure-RPG,7400
Splatoon 3,9-Sep-22,4.1,Platform-Shooter,3500
Chrome Dino,1-Sep-14,3.5,Arcade,14000
Katana Zero,18-Apr-19,4.1,Adventure-Arcade-Indie-Platform-Strategy,9300
Life is Strange,29-Jan-15,3.4,Adventure-RPG,15000
Dark Souls II: Scholar of the First Sin,2-Apr-15,3.5,Adventure-RPG,11000
Deathloop,14-Sep-21,3.5,Adventure-Shooter,4200
Shadow of the Colossus,18-Oct-05,4.4,Adventure-Platform-Puzzle,10000
Teenage Mutant Ninja Turtles: Shredder's Revenge,16-Jun-22,3.8,Arcade-Brawler-Indie,3500
Psychonauts,19-Apr-05,4.0,Adventure-Platform,7100
Fallout 4,9-Nov-15,3.1,RPG-Shooter,16000
Uncharted 4: A Thief's End,10-May-16,4.1,Adventure-Shooter,14000
The Legend of Zelda: A Link to the Past,21-Nov-91,4.1,Adventure-Puzzle-RPG,13000
Silent Hill,23-Feb-99,4.1,Adventure-Puzzle,6800
Super Smash Bros. Brawl,31-Jan-08,3.8,Fighting-Platform,19000
Borderlands 2,18-Sep-12,3.5,RPG-Shooter,16000
No More Heroes,6-Dec-07,4.0,Adventure-Brawler,5600
Ghost of Tsushima,17-Jul-20,4.1,Adventure-Brawler-RPG,8500
Sifu,8-Feb-22,3.8,Brawler-Indie,2700
Super Mario Bros. 3,23-Oct-88,4.0,Platform,14000
Dishonored,9-Oct-12,3.9,Adventure-RPG,14000
Metal Gear Solid 3: Snake Eater,17-Nov-04,4.5,Adventure-Shooter-Tactical,9200
Journey,13-Mar-12,3.9,Adventure-Platform,12000
Kingdom Hearts,28-Mar-02,3.6,Adventure-RPG,12000
Titanfall 2,28-Oct-16,4.1,Adventure-Shooter,12000
Doom,10-Dec-93,4.0,Shooter,11000
Live A Live,22-Jul-22,4.1,RPG,1100
The Last of Us Remastered,26-Jul-14,4.3,Adventure-Shooter,12000
Sonic the Hedgehog,23-Jun-91,3.1,Platform,12000
Rocket League,6-Jul-15,3.4,Indie-Racing-Sport,17000
Batman: Arkham Knight,23-Jun-15,3.7,Adventure-Brawler,13000
Bayonetta 3,28-Oct-22,3.7,Brawler,1600
Disco Elysium,15-Oct-19,4.6,Adventure-RPG-Turn Based Strategy,4000
Guilty Gear: Strive,11-Jun-21,3.9,Fighting,5500
Wii Sports,19-Nov-06,3.7,Simulator-Sport,18000
Hogwarts Legacy,10-Feb-23,3.5,Adventure-RPG,1400
Mario Kart Wii,10-Apr-08,3.9,Racing,19000
Resident Evil 3,3-Apr-20,3.2,Adventure-Shooter,8400
Unpacking,2-Nov-21,3.6,Indie-Puzzle-Simulator,4900
Red Dead Redemption,18-May-10,4.2,Adventure-RPG-Shooter,13000
Tales of Arise,10-Sep-21,3.6,Adventure-RPG,3100
Deltarune: Chapter 1,31-Oct-18,3.9,Adventure-Indie-RPG-Turn Based Strategy,11000
Dead Space,27-Jan-23,4.3,Adventure-RPG-Shooter,1300
Tomb Raider,4-Mar-13,3.5,Adventure-Platform-Puzzle-Shooter,15000
Super Mario Galaxy 2,23-May-10,4.3,Adventure-Platform,13000
Donkey Kong Country,18-Nov-94,3.9,Adventure-Platform,11000
What Remains of Edith Finch,24-Apr-17,4.0,Adventure-Indie-Puzzle,8600
Monster Hunter Rise,26-Mar-21,4.0,Adventure-Brawler-RPG,5700
Pokémon Emerald,16-Sep-04,4.0,Adventure-RPG-Turn Based Strategy,16000
NEO: The World Ends with You,26-Jul-21,4.2,Brawler-RPG,2500
Assassin's Creed II,17-Nov-09,3.8,Adventure-Platform,16000
Pokémon Scarlet,18-Nov-22,3.5,Adventure-RPG-Turn Based Strategy,2600
Dead Space,14-Oct-08,4.0,Shooter,9600
New Super Mario Bros.,15-May-06,3.5,Adventure-Platform,16000
Shadow of the Colossus,6-Feb-18,4.1,Adventure-Platform-Puzzle,7800
Horizon Forbidden West,18-Feb-22,3.8,Adventure-RPG,2700
Ori and the Blind Forest,11-Mar-15,3.9,Adventure-Platform-Puzzle,7900
Demon's Souls,12-Nov-20,3.9,Adventure-RPG,4100
A Plague Tale: Innocence,14-May-19,3.7,Adventure-RPG,5400
The Legend of Zelda: Link's Awakening,20-Sep-19,3.9,Adventure,7600
Assassin's Creed,13-Nov-07,2.9,Adventure-Platform,13000
Judgment,13-Dec-18,4.1,Adventure-RPG,3100
Call of Duty: Black Ops,9-Nov-10,3.7,Shooter,14000
Ratchet & Clank: Rift Apart,11-Jun-21,4.0,Adventure-Platform-Shooter,3700
Pokémon Black,18-Sep-10,4.0,Adventure-RPG-Turn Based Strategy,12000
The Stanley Parable,17-Oct-13,3.8,Adventure-Indie,10000
The Legend of Zelda,21-Feb-86,3.2,Adventure,9300
AI: The Somnium Files - Nirvana Initiative,23-Jun-22,3.9,Adventure-Puzzle-Visual Novel,1500
Ghost Trick: Phantom Detective,19-Jun-10,4.4,Adventure-Puzzle,3600
Dragon Quest XI S: Echoes of an Elusive Age - Definitive Edition,27-Sep-19,4.2,Adventure-RPG,4700
Paper Mario: The Thousand-Year Door,22-Jul-04,4.4,Adventure-RPG-Turn Based Strategy,6700
God of War II,13-Mar-07,4.0,Adventure-Brawler-Platform,9300
Mass Effect 2,26-Jan-10,4.3,Adventure-RPG-Shooter,9600
Forza Horizon 5,9-Nov-21,3.8,Racing,4600
Metal Gear Solid V: Ground Zeroes,18-Mar-14,3.3,Adventure-RPG-Shooter-Strategy,9500
No More Heroes III,27-Aug-21,3.9,Brawler,1600
Banjo-Kazooie,29-Jun-98,4.0,Adventure-Platform,7400
Astro's Playroom,12-Nov-20,4.0,Adventure-Platform,5700
Call of Duty: Black Ops II,12-Nov-12,3.8,Shooter,13000
The Legend of Zelda: Skyward Sword HD,16-Jul-21,3.8,Adventure-RPG,3700
Mega Man X,17-Dec-93,4.1,Adventure-Platform-Shooter,6900
Subnautica,23-Jan-18,3.8,Adventure-Indie,7200
Returnal,30-Apr-21,4.0,Shooter,2400
New Super Mario Bros. Wii,12-Nov-09,3.5,Adventure-Platform,13000
Citizen Sleeper,5-May-22,4.1,Adventure-Indie-RPG,1200
Yakuza 3 Remastered,9-Aug-18,3.3,Adventure-RPG-Simulator,4300
Garry's Mod,24-Dec-04,3.8,Indie-Simulator,12000
Wolfenstein: The New Order,20-May-14,3.6,Adventure-Shooter,8400
Deus Ex,26-Jun-00,4.4,RPG-Shooter,3800
BioShock 2,9-Feb-10,3.6,Adventure-RPG-Shooter,9100
Soul Hackers 2,25-Aug-22,3.1,RPG,750
Enter the Gungeon,5-Apr-16,3.6,Adventure-Arcade-Indie-Shooter,8900
The House in Fata Morgana,27-Dec-12,4.4,Adventure-Indie-Visual Novel,1700
Shovel Knight,26-Jun-14,4.0,Adventure-Indie-Platform,8500
Firewatch,9-Feb-16,3.7,Adventure-Indie,7800
Dark Souls II,11-Mar-14,3.3,Adventure-RPG,6700
Blasphemous,10-Sep-19,3.7,Adventure-Brawler-Indie-Platform-RPG,4200
Final Fantasy XIV Online,27-Aug-13,3.7,Adventure-RPG-Strategy,5900
Immortality,30-Aug-22,3.9,Indie-Simulator,1200
Resident Evil 6,2-Oct-12,2.5,Adventure-Shooter,7800
Devil May Cry 3: Dante's Awakening,17-Feb-05,4.2,Adventure-Brawler-Shooter,6100
The Last of Us Part I,1-Sep-22,4.4,Adventure-Shooter,1400
Super Meat Boy,20-Oct-10,3.5,Adventure-Indie-Platform,10000
Mass Effect Legendary Edition,14-May-21,4.5,Adventure-RPG-Shooter-Strategy,2800
Helltaker,11-May-20,3.3,Adventure-Indie-Puzzle,7500
Pokémon Sword,15-Nov-19,2.9,Adventure-RPG,9700
Crash Bandicoot N. Sane Trilogy,30-Jun-17,3.8,Adventure-Platform,7700
Tetris,1-Nov-89,4.1,Arcade-Puzzle,9600
Valorant,2-Jun-20,2.5,Shooter-Tactical,8200
Super Mario 3D World,21-Nov-13,3.9,Adventure-Platform,9600
Uncharted 3: Drake's Deception,1-Nov-11,3.6,Adventure-Platform-Shooter,11000
Phoenix Wright: Ace Attorney - Trials and Tribulations,31-Mar-06,4.4,Adventure-Visual Novel,6600
Yume Nikki,26-Jun-04,4.0,Adventure-Indie,4000
Max Payne,23-Jul-01,3.9,Shooter,6300
Five Nights at Freddy's,8-Aug-14,2.9,Adventure-Indie-Simulator-Strategy,8400
Donkey Kong Country 2: Diddy's Kong Quest,21-Nov-95,4.2,Adventure-Platform,6600
Sonic the Hedgehog 3 & Knuckles,18-Oct-94,4.2,Platform,6000
Resident Evil 2,21-Jan-98,4.2,Adventure-Shooter,5500
Full Metal Daemon Muramasa,30-Oct-09,4.3,Adventure-Visual Novel,496
Soma,21-Sep-15,4.0,Adventure-Indie,3900
The Binding of Isaac: Rebirth,4-Nov-14,4.0,Adventure-Arcade-Indie-RPG-Shooter,8200
Luigi's Mansion 3,31-Oct-19,3.8,Adventure,5600
Katamari Damacy Reroll,6-Dec-18,4.1,Adventure-Puzzle,4300
Mario Kart 7,2-Dec-11,3.5,Racing,10000
Castle Crashers,27-Aug-08,3.6,Adventure-Brawler-Indie-RPG,9400
Rain World,28-Mar-17,4.1,Adventure-Indie-Platform-RPG,1100
Mario Party Superstars,28-Oct-21,3.7,Card & Board Game,3800
Bully,17-Oct-06,3.9,Adventure,6700
Mario Kart 64,14-Dec-96,3.5,Racing,9700
Octopath Traveler II,24-Feb-23,4.4,RPG-Turn Based Strategy,258
Norco,24-Mar-22,3.9,Adventure-Indie-Puzzle,809
Resident Evil,22-Mar-02,4.3,Adventure-Puzzle,4000
Assassin's Creed Odyssey,5-Oct-18,3.4,Adventure-RPG,6800
Transistor,20-May-14,3.8,Adventure-Indie-RPG-Strategy-Turn Based Strategy,5600
The Evil Within,14-Oct-14,3.4,Adventure-Shooter,4800
Metal: Hellsinger,15-Sep-22,3.7,Adventure-Music-Shooter,1200
Pokémon White,18-Sep-10,4.1,Adventure-RPG-Turn Based Strategy,9000
Outlast,4-Sep-13,3.3,Adventure-Indie,7500
Hitman 3,20-Jan-21,4.1,Adventure-Shooter-Tactical,3300
Sable,23-Sep-21,3.5,Adventure-Indie-Platform-Puzzle-RPG,1300
Super Smash Bros. for Wii U,21-Nov-14,3.5,Fighting-Platform,11000
Kirby's Adventure,23-Mar-93,3.6,Platform,6000
Tekken 7,18-Feb-15,3.8,Fighting,6600
Umineko: When They Cry Chiru,15-Sep-09,4.6,Adventure-Visual Novel,1700
Kingdom Hearts II Final Mix,29-Mar-07,4.5,Adventure-Brawler-Platform-RPG-Shooter,4400
Superliminal,12-Nov-19,3.6,Adventure-Indie-Puzzle-Shooter,3800
Death Stranding: Director's Cut,24-Sep-21,4.2,Adventure,1300
Persona 4,10-Jul-08,4.0,RPG-Simulator-Visual Novel,5700
Wordle,21-Jun-21,3.2,Puzzle,3000
The Sims 4,2-Sep-14,3.0,RPG-Simulator,8300
Far Cry 4,18-Nov-14,3.2,Adventure-Shooter-Tactical,8500
Sonic Forces,7-Nov-17,1.9,Adventure-Platform-Strategy,5000
To the Moon,1-Nov-11,3.9,Adventure-Indie-Puzzle-RPG,4700
Baba is You,13-Mar-19,4.0,Indie-Puzzle-Strategy,4600
The Witcher 3: Wild Hunt - Game of the Year Edition,29-Aug-16,4.5,Adventure-RPG,6000
Super Smash Bros.,21-Jan-99,3.4,Fighting-Platform,9800
Super Mario 64 DS,21-Nov-04,3.6,Adventure-Platform,9100
Halo 4,6-Nov-12,3.0,Shooter,7600
Middle-earth: Shadow of Mordor,30-Sep-14,3.4,Adventure-Brawler-RPG,8400
Mega Man 2,2-Jun-89,3.6,Adventure-Platform,6100
Phoenix Wright: Ace Attorney Trilogy,17-Apr-14,4.3,Adventure-Puzzle-Simulator-Visual Novel,4000
Infamous: Second Son,21-Mar-14,3.4,Adventure-Platform-Shooter,7600
Star Wars: Knights of the Old Republic,15-Jul-03,4.2,Adventure-RPG,5300
No More Heroes 2: Desperate Struggle,26-Jan-10,3.5,Adventure-Brawler,3200
Kirby Super Star Ultra,22-Sep-08,4.3,Adventure-Platform,5800
Katamari Damacy,18-Mar-04,4.2,Adventure-Puzzle,4100
Shadow the Hedgehog,15-Nov-05,2.4,Adventure-Platform-Shooter,5600
Ōkami HD,30-Oct-12,4.2,Adventure-RPG,3300
Metroid: Samus Returns,15-Sep-17,3.6,Adventure-Platform,3900
Life is Strange: True Colors,10-Sep-21,3.6,Adventure,2300
Pokémon Black Version 2,23-Jun-12,4.2,Adventure-RPG-Turn Based Strategy,7600
Needy Streamer Overload,21-Jan-22,3.5,Adventure-Indie-RPG-Simulator-Visual Novel,1200
Borderlands,20-Oct-09,3.1,RPG-Shooter,9100
Hollow Knight: Voidheart Edition,25-Sep-18,4.5,Adventure-Indie-Platform,3900
Klonoa: Door to Phantomile,11-Dec-97,4.1,Platform,2200
Halo: The Master Chief Collection,11-Nov-14,4.2,Shooter,5100
Pokémon Crystal,14-Dec-00,3.9,Adventure-RPG,7200
Uncharted: The Lost Legacy,22-Aug-17,3.8,Adventure-Shooter,4700
Resident Evil 3: Nemesis,22-Sep-99,3.8,Adventure-Shooter,4300
Sea of Thieves,20-Mar-18,3.3,Adventure-Simulator,5300
F.E.A.R.,17-Oct-05,3.8,Shooter,3600
Mafia: Definitive Edition,24-Sep-20,3.7,Adventure-Shooter,2700
NieR,22-Apr-10,4.2,Adventure-RPG-Shooter-Simulator-Strategy,2900
The Walking Dead: Season Two,17-Dec-13,3.5,Adventure-Puzzle,6700
Forspoken,24-Jan-23,2.3,Adventure-RPG,252
Max Payne 2: The Fall of Max Payne,14-Oct-03,4.1,Shooter,4100
Shin Megami Tensei: Devil Summoner - Soul Hackers,13-Nov-97,3.8,Adventure-RPG,1200
Dusk,10-Dec-18,4.0,Adventure-Indie-Shooter,2500
The Elder Scrolls III: Morrowind,1-May-02,4.0,Adventure-RPG,3700
Rollerdrome,16-Aug-22,3.7,Adventure-Indie-Shooter-Sport,431
Pokémon Sun,18-Nov-16,3.3,Adventure-RPG-Strategy-Turn Based Strategy,7600
Yu-Gi-Oh! Master Duel,18-Jan-22,3.2,Card & Board Game-Simulator-Strategy,2100
Injustice: Gods Among Us,16-Apr-13,3.0,Adventure-Fighting,7100
Pac-Man,22-May-80,3.4,Arcade,5200
Final Fantasy X/X-2 HD Remaster,26-Dec-13,4.1,RPG-Strategy,3200
Mortal Kombat X,13-Apr-15,3.3,Fighting,7100
Shin Megami Tensei: Digital Devil Saga,15-Jul-04,4.1,RPG,2000
Star Wars: The Force Unleashed,16-Sep-08,3.2,Adventure-Brawler-RPG,7400
Shovel Knight: Treasure Trove,9-Dec-19,4.3,Adventure-Indie-Platform,3800
Ghost of Tsushima: Director's Cut,20-Aug-21,4.2,Adventure-RPG,1800
Donkey Kong Country Returns,21-Nov-10,3.9,Adventure-Platform,5300
Street Fighter III: 3rd Strike,12-May-99,4.2,Arcade-Fighting,3700
Return to Monkey Island,19-Sep-22,4.0,Adventure-Puzzle,538
Deus Ex: Human Revolution,23-Aug-11,3.8,RPG-Shooter,5800
Spyro Reignited Trilogy,13-Nov-18,3.9,Adventure-Platform,4500
Chicory: A Colorful Tale,10-Jun-21,4.1,Adventure-Indie-Puzzle-RPG,984
Sin and Punishment,21-Nov-00,4.0,Shooter,1100
Outer Wilds: Echoes of the Eye,28-Sep-21,4.5,Adventure-Indie-Puzzle-Simulator-Strategy,1600
New Super Mario Bros. 2,28-Jul-12,2.9,Adventure-Platform,6100
Wolfenstein II: The New Colossus,26-Oct-17,3.5,Adventure-Shooter,4700
PokÃ©mon Diamond,28-Sep-06,3.6,Adventure-RPG-Turn Based Strategy,9300
Into the Breach,27-Feb-18,3.9,Card & Board Game-Indie-Puzzle-RPG-Simulator-Strategy-Turn Based Strategy,3400
Marvel Snap,18-Oct-22,3.7,Card & Board Game-Strategy,847
Nier: Automata - Game of the Yorha Edition,21-Feb-19,4.4,Adventure-RPG,2800
Five Nights at Freddy's 2,10-Nov-14,3.0,Adventure-Indie-Simulator-Strategy,5400
Mortal Kombat 11,22-Apr-19,3.4,Fighting,5000
Witch on the Holy Night,7-Dec-22,4.5,Adventure-Visual Novel,244
Dying Light 2: Stay Human,3-Feb-22,3.1,Adventure-RPG,1400
Asura's Wrath,21-Feb-12,3.7,Brawler,2100
Tales of Berseria,18-Aug-16,3.7,RPG,3300
Ender Lilies: Quietus of the Knights,21-Jun-21,3.8,Adventure-Indie-Platform-RPG,1200
Moon: Remix RPG Adventure,16-Oct-97,4.4,Adventure-Puzzle-RPG,663
Prince of Persia: The Sands of Time,6-Nov-03,3.6,Adventure-Platform,5500
Assassin's Creed Syndicate,23-Oct-15,3.0,Adventure,5600
Sunset Overdrive,28-Oct-14,3.5,Adventure-Platform-Shooter,3600
Metal Gear Solid: Peace Walker,29-Apr-10,3.5,Shooter-Strategy,4000
Code Vein,26-Sep-19,3.0,Adventure-RPG,3300
Vagrant Story,10-Feb-00,4.0,Adventure-RPG,1000
Amnesia: The Dark Descent,8-Sep-10,3.5,Adventure-Indie-Puzzle,4700
Monster Hunter Rise: Sunbreak,29-Jun-22,4.3,Brawler-RPG,1100
Super Mario Maker 2,28-Jun-19,3.7,Platform,6600
Fire Emblem: The Blazing Blade,25-Apr-03,3.7,RPG-Strategy-Tactical,3900
LEGO Marvel Super Heroes,30-Sep-13,3.6,Adventure-Brawler-Puzzle,6000
Sonic Colors,11-Nov-10,3.4,Adventure-Platform,5100
Mario Strikers: Battle League,10-Jun-22,2.7,Sport,932
Limbus Company,27-Feb-23,3.9,Adventure-RPG-Strategy,104
Resident Evil Village: Winters' Expansion,28-Oct-22,3.3,Shooter,477
Tony Hawk's Pro Skater 1+2,4-Sep-20,4.1,Simulator-Sport,2800
Need for Speed: Unbound,29-Nov-22,3.5,Racing,294
Zero Escape: Zero Time Dilemma,28-Jun-16,3.0,Adventure-Puzzle-RPG-Strategy-Visual Novel,2900
Deus Ex: Mankind Divided,23-Aug-16,3.5,Adventure-RPG-Shooter,3400
Guitar Hero III: Legends of Rock,28-Oct-07,3.9,Music-Simulator,6900
Sid Meier's Civilization VI,20-Oct-16,3.7,Simulator-Strategy-Turn Based Strategy,4600
Nioh 2,13-Mar-20,4.0,Adventure-Brawler-RPG,1400
Gears of War,7-Nov-06,3.5,Shooter,5300
Final Fantasy Tactics,20-Jun-97,4.2,RPG-Strategy-Tactical-Turn Based Strategy,2100
Tekken 3,22-Mar-97,3.9,Fighting,4200
Far Cry 6,7-Oct-21,2.7,Adventure-Shooter,1600
Horizon Zero Dawn: Complete Edition,6-Dec-17,3.8,Adventure-RPG-Shooter,2900
Persona 4 Golden,13-Jun-20,4.4,Adventure-RPG-Simulator-Visual Novel,350
Xenosaga Episode I: Der Wille zur Macht,28-Feb-02,3.7,Adventure-RPG,1200
Everhood,3-Mar-21,3.8,Adventure-Indie-Music-RPG,1400
Don't Starve Together,21-Apr-16,3.4,Adventure-Indie-Simulator-Strategy,5200
South Park: The Fractured But Whole,17-Oct-17,3.7,Adventure-RPG-Strategy,3500
God of War III: Remastered,14-Jul-15,4.0,Adventure-Brawler,2700
Pokémon Ruby,21-Nov-02,3.7,Adventure-RPG-Turn Based Strategy,7000
Fire Emblem: The Sacred Stones,7-Oct-04,3.7,RPG-Strategy-Tactical-Turn Based Strategy,3700
Library of Ruina,10-Aug-21,4.4,Indie-RPG-Simulator-Strategy-Turn Based Strategy,454
Uncharted: The Nathan Drake Collection,7-Oct-15,4.1,Adventure-Platform-Shooter,4300
Persona 3 Portable,19-Jan-23,4.0,Adventure-RPG-Strategy-Visual Novel,210
Pyre,25-Jul-17,4.0,Adventure-Indie-RPG-Visual Novel,1800
Paladins,2-May-17,2.6,Shooter-Strategy,5200
Dead Space 3,5-Feb-13,2.6,Adventure-Shooter,3200
Devil May Cry HD Collection,22-Mar-12,3.9,Brawler-Platform,2200
Bayonetta Origins: Cereza and the Lost Demon,17-Mar-23,4.0,Adventure-Puzzle,48
Armored Core,10-Jul-97,3.4,Shooter-Simulator,522
Persona 4 Arena Ultimax,28-Nov-13,3.7,Fighting,2900
Wanted: Dead,14-Feb-23,2.6,Adventure-Brawler-Shooter,100
Luigi's Mansion: Dark Moon,20-Mar-13,3.3,Adventure,4300
Gorogoa,13-Dec-17,3.8,Adventure-Indie-Puzzle,2000
Valkyrie Elysium,28-Sep-22,3.0,Brawler-RPG,218
Castlevania: Order of Ecclesia,21-Oct-08,4.0,Adventure-Brawler-Platform-RPG,2000
Deadly Premonition,23-Feb-10,3.9,Adventure-Shooter,1400
LEGO Batman 2: DC Super Heroes,19-Jun-12,3.5,Adventure-Brawler-Platform,4600
Lunistice,10-Nov-22,3.6,Adventure-Indie-Platform,305
Sonic Advance,20-Dec-01,3.2,Platform,4000
Metal Slug,24-Jan-96,3.6,Arcade-Platform-Shooter,3800
Just Cause 3,30-Nov-15,3.1,Adventure,4900
Suikoden II,17-Dec-98,4.4,RPG-Strategy,1100
LittleBigPlanet,27-Oct-08,3.6,Platform,6000
EarthBound Beginnings,14-Jun-15,3.2,Adventure-RPG,1800
Wario Land 3,21-Mar-00,3.8,Adventure-Platform-Puzzle,1200
Faith: The Unholy Trinity,21-Oct-22,4.0,Adventure-Indie,253
Tales of Symphonia,29-Aug-03,3.9,RPG,2800
Final Fantasy VII,14-Aug-12,4.2,RPG-Turn Based Strategy,1200
The Dark Pictures Anthology: Man of Medan,29-Aug-19,2.5,Adventure,2300
Saya no Uta,26-Dec-03,3.3,Visual Novel,1700
River City Girls,4-Sep-19,3.6,Adventure-Arcade-Brawler-Fighting,1900
Sonic Origins,22-Jun-22,3.4,Adventure-Platform,558
Kuru Kuru Kururin,21-Mar-01,3.4,Arcade-Puzzle,439
Pikmin 2,29-Apr-04,4.1,Adventure-Real Time Strategy,2700
Wonderful Everyday: Down the Rabbit-Hole,26-Mar-10,4.1,Adventure-Visual Novel,982
Paper Mario: The Origami King,17-Jul-20,3.5,Adventure-RPG,2400
Conker's Bad Fur Day,5-Mar-01,3.6,Adventure-Platform-Shooter,2700
Fire Emblem: Radiant Dawn,22-Feb-07,4.0,RPG-Strategy-Tactical,1800
Need for Speed: Heat,8-Nov-19,3.1,Adventure-Racing-Sport,1600
Skate 3,11-May-10,4.0,Sport,4100
Braid,6-Aug-08,3.4,Adventure-Indie-Platform-Puzzle-Strategy,3500
Metro 2033,16-Mar-10,3.5,RPG-Shooter,3700
Another Pokémon Game,15-Feb-23,3.0,Adventure-RPG,59
Super Mario Party,5-Oct-18,2.8,Card & Board Game-Platform-Puzzle,5300
Kentucky Route Zero,7-Jan-13,4.1,Adventure-Indie,1200
The Legend of Zelda: Twilight Princess HD,4-Mar-16,4.2,Adventure-Platform-Puzzle,2500
We Love Katamari,6-Jul-05,4.3,Adventure-Puzzle,1400
Serial Experiments Lain,26-Nov-98,4.0,Adventure,397
Kirby's Dream Land 2,21-Mar-95,3.2,Platform,2300
Harvestella,4-Nov-22,3.4,Adventure-RPG-Simulator,160
Dishonored: Death of the Outsider,14-Sep-17,3.6,Adventure-RPG,1800
Life is Strange 2,26-Sep-18,3.3,Adventure,2600
Banjo-Tooie,20-Nov-00,3.8,Adventure-Platform,3000
The Legend of Zelda: Oracle of Ages,27-Feb-01,3.7,Adventure-RPG,2800
Lobotomy Corporation,9-Apr-18,4.1,Indie-Simulator,621
Saints Row 2,14-Oct-08,3.7,Adventure-Racing-Shooter,3600
Castlevania: Bloodlines,17-Mar-94,3.7,Adventure-Platform,1800
Tiny Tina's Wonderlands,25-Mar-22,3.4,Adventure-RPG-Shooter,738
Utawarerumono: Mask of Truth,21-Sep-16,4.4,Adventure-RPG-Simulator-Strategy-Tactical-Visual Novel,442
Hitman World of Assassination,26-Jan-23,4.6,Adventure-Shooter-Tactical,167
Just Cause 2,23-Mar-10,3.2,Adventure-Racing-Shooter,5100
Final Fantasy V,6-Dec-92,3.8,Adventure-RPG,2300
Jet Set Radio Future,22-Feb-02,4.3,Music-Platform-Racing-Sport,1400
Overcooked!,3-Aug-16,3.5,Arcade-Indie-Simulator-Strategy,4600
Shin Megami Tensei IV: Apocalypse,10-Feb-16,3.6,Adventure-RPG,1800
Muse Dash,15-Jun-18,3.5,Indie-Music,2700
Fire Emblem: Genealogy of the Holy War,14-May-96,4.0,RPG-Strategy-Turn Based Strategy,1300
Half-Life: Opposing Force,10-Nov-99,3.7,Platform-Puzzle-Shooter,3000
Bloodborne PSX,31-Jan-22,3.5,Adventure-RPG,577
Prototype,9-Jun-09,3.0,Adventure-Brawler-Platform,4500
Pokémon Gold,21-Nov-99,3.8,Adventure-RPG-Turn Based Strategy,5500
Valheim,2-Feb-21,3.6,Adventure-Indie-RPG,2500
Your Turn To Die: Death Game By Majority,28-Aug-17,4.1,Adventure-Indie-Visual Novel,1300
Gal Guardians: Demon Purge,23-Feb-23,3.4,Adventure-Platform,69
Mortal Shell,18-Aug-20,2.7,Indie-RPG,847
Kingdom Come: Deliverance,13-Feb-18,3.6,Adventure-RPG,1800
Live A Live,2-Sep-94,4.2,RPG,555
Sleeping Dogs: Definitive Edition,10-Oct-14,3.8,Adventure-Brawler-Racing-Shooter,2600
Resident Evil 4: Ultimate HD Edition,28-Feb-14,4.4,Adventure-Shooter,889
LEGO Builder's Journey,20-Dec-19,3.2,Adventure-Indie-Puzzle,484
Guilty Gear Xrd: Rev 2,30-Mar-17,4.1,Fighting,3000
Super Kiwi 64,2-Dec-22,3.4,Adventure-Arcade-Platform,239
Infamous 2,7-Jun-11,3.7,Adventure-Brawler-Puzzle,4400
Fallout 3: Game of the Year Edition,13-Oct-09,3.6,Adventure-RPG-Shooter,2600
Melatonin,15-Dec-22,3.7,Arcade-Indie-Music-Puzzle,185
Gungrave G.O.R.E,22-Nov-22,2.1,Adventure-Fighting-Shooter-Simulator-Strategy,186
Garten of Banban,6-Jan-23,1.2,Adventure-Indie-Puzzle,130
Hitman: Blood Money,26-May-06,4.0,Shooter,3200
Professor Layton and the Unwound Future,27-Nov-08,4.3,Puzzle-Visual Novel,2400
The Dark Pictures Anthology: The Devil in Me,18-Nov-22,2.9,Adventure,332
Donkey Kong Country: Tropical Freeze,4-May-18,4.2,Platform,2100
Fire Emblem: Thracia 776,1-Sep-99,4.1,RPG-Strategy-Tactical,820
Moonlighter,29-May-18,3.2,Adventure-Brawler-Indie-RPG-Simulator,2200
Pikmin 3,13-Jul-13,4.0,Adventure-Real Time Strategy,2700
Five Nights at Freddy's 4,23-Jul-15,2.8,Adventure-Indie-Simulator-Strategy,3300
Chaos;Head Noah,26-Feb-09,4.0,Adventure-Simulator-Visual Novel,199
Nier: Automata - The End of Yorha Edition,6-Oct-22,4.5,Adventure-RPG,370
Phoenix Wright: Ace Attorney - Spirit of Justice,9-Jun-16,3.7,Adventure-Puzzle-RPG-Visual Novel,2400
Crysis,13-Nov-07,3.2,Adventure-Shooter,3000
Fallout Shelter,14-Jun-15,2.4,RPG-Simulator-Strategy,5300
Sonic and the Secret Rings,20-Feb-07,1.9,Platform,3100
FTL: Faster Than Light,14-Sep-12,3.8,Indie-RPG-Simulator-Strategy,3800
Mario Party 2,17-Dec-99,3.7,Card & Board Game,3900
Attack of the Friday Monsters! A Tokyo Tale,17-Jul-13,3.7,Adventure-Simulator,393
Animal Crossing,14-Dec-01,3.9,Simulator,3900
Fire Emblem Fates: Revelation,9-Jul-15,2.3,RPG-Strategy-Turn Based Strategy,2500
Bloodstained: Curse of the Moon,23-May-18,3.6,Adventure-Indie-Platform,2300
Final Fantasy XIII-2,15-Dec-11,3.3,Adventure-RPG,2300
Agar.io,28-Apr-15,2.2,Indie-Strategy,4400
Fatal Frame II: Crimson Butterfly,27-Nov-03,4.2,Adventure,1000
World of Warcraft,23-Nov-04,3.5,Adventure-RPG,4500
The Legend of Heroes: Trails of Cold Steel II,25-Sep-14,3.7,Adventure-RPG-Turn Based Strategy,1700
Gang Beasts,12-Dec-17,3.1,Fighting-Indie,3200
Armored Core 3,1-Apr-02,3.7,Shooter-Strategy,297
Star Wars: The Force Unleashed II,26-Oct-10,2.8,Adventure-Brawler-RPG,4100
Elden Ring,25-Feb-22,4.5,Adventure-RPG,17000
Hades,10-Dec-19,4.3,Adventure-Brawler-Indie-RPG,21000
The Legend of Zelda: Breath of the Wild,3-Mar-17,4.4,Adventure-RPG,30000
Undertale,15-Sep-15,4.2,Adventure-Indie-RPG-Turn Based Strategy,28000
Hollow Knight,24-Feb-17,4.4,Adventure-Indie-Platform,21000
Minecraft,18-Nov-11,4.3,Adventure-Simulator,33000
Omori,25-Dec-20,4.2,Adventure-Indie-RPG-Turn Based Strategy,7200
Metroid Dread,7-Oct-21,4.3,Adventure-Platform,9200
Among Us,15-Jun-18,3.0,Indie-Strategy,25000
NieR: Automata,23-Feb-17,4.3,Brawler-RPG,18000
Persona 5 Royal,31-Oct-19,4.4,Adventure-RPG-Turn Based Strategy,12000
Stray,19-Jul-22,3.7,Adventure-Indie,7700
God of War,20-Apr-18,4.2,Adventure-Brawler-RPG,21000
Portal 2,18-Apr-11,4.4,Adventure-Platform-Puzzle-Shooter,29000
Bloodborne,24-Mar-15,4.5,Adventure-RPG,17000
Celeste,25-Jan-18,4.2,Adventure-Indie-Platform,20000
Yakuza 0,12-Mar-15,4.4,Adventure-Brawler-RPG-Simulator,15000
Red Dead Redemption 2,26-Oct-18,4.4,Adventure-RPG-Shooter,19000
Portal,10-Oct-07,4.1,Platform-Puzzle-Shooter,28000
Super Mario Odyssey,27-Oct-17,4.2,Adventure-Platform,25000
Pokémon Legends: Arceus,28-Jan-22,3.7,Adventure-RPG-Turn Based Strategy,9100
Hi-Fi Rush,25-Jan-23,4.3,Adventure-Brawler-Music-Platform,3000
Metal Gear Rising: Revengeance,19-Feb-13,4.1,Adventure-Brawler-Shooter-Strategy,14000
Grand Theft Auto V,17-Sep-13,3.8,Adventure-Shooter,30000
Cyberpunk 2077,9-Dec-20,3.3,Adventure-RPG-Shooter,13000
God of War Ragnarök,9-Nov-22,4.4,Adventure-Brawler,5300
Xenoblade Chronicles 3,29-Jul-22,4.4,Adventure-RPG,3900
Kirby and the Forgotten Land,25-Mar-22,4.2,Adventure-Platform,5900
Disco Elysium: The Final Cut,1-May-20,4.6,Adventure-Indie-RPG,6000
Marvel's Spider-Man,7-Sep-18,4.1,Adventure-Brawler,21000
Dark Souls III,24-Mar-16,4.2,Adventure-RPG,19000
NieR Replicant ver.1.22474487139...,22-Apr-21,4.2,Adventure-RPG,6700
Super Mario 64,23-Jun-96,4.1,Adventure-Platform,21000
Super Smash Bros. Ultimate,7-Dec-18,4.1,Fighting-Platform,25000
Cuphead,29-Sep-17,4.1,Arcade-Indie-Platform-Shooter,18000
Sekiro: Shadows Die Twice,22-Mar-19,4.4,Adventure-Brawler,14000
Final Fantasy VII,31-Jan-97,4.2,Adventure-RPG-Turn Based Strategy,15000
Persona 4 Golden,15-Jun-12,4.2,Adventure-RPG-Simulator-Visual Novel,13000
Genshin Impact,28-Sep-20,2.6,Adventure-RPG,14000
Signalis,27-Oct-22,4.2,Adventure-Indie,2200
Resident Evil Village,6-May-21,3.9,Adventure-Shooter,9900
Super Mario Galaxy,1-Nov-07,4.3,Adventure-Platform,21000
Fallout: New Vegas,19-Oct-10,4.3,RPG-Shooter,16000
Outer Wilds,28-May-19,4.6,Adventure-Indie-Puzzle-Simulator,7700
Resident Evil 2,25-Jan-19,4.3,Adventure-Shooter,15000
Doom,12-May-16,4.0,Shooter,18000
Shin Megami Tensei V,12-Nov-21,3.8,Adventure-RPG-Turn Based Strategy,4100
Bayonetta,29-Oct-09,3.9,Brawler-Shooter,13000
Stardew Valley,26-Feb-16,4.1,Indie-RPG-Simulator-Strategy,20000
The Last of Us Part II,19-Jun-20,4.1,Adventure-Shooter,13000
Silent Hill 2,24-Sep-01,4.5,Adventure-Puzzle,8600
The Witcher 3: Wild Hunt,19-May-15,4.3,Adventure-RPG,17000
Persona 5,15-Sep-16,4.1,Adventure-RPG-Turn Based Strategy,16000
Doom Eternal,19-Mar-20,4.2,Shooter,12000
The Elder Scrolls V: Skyrim,10-Nov-11,3.7,Adventure-RPG,22000
Neon White,16-Jun-22,4.1,Indie-Platform-Shooter-Visual Novel,2900
Devil May Cry 5,8-Mar-19,4.3,Adventure-Brawler,12000
Overwatch 2,4-Oct-22,2.7,Shooter,6600
Resident Evil 4,11-Jan-05,4.3,Shooter,14000
Final Fantasy VII Remake,10-Apr-20,4.1,Adventure-RPG,12000
Sonic Frontiers,8-Nov-22,3.6,Adventure-Platform,2900
Inscryption,19-Oct-21,4.1,Adventure-Card & Board Game-Indie-Puzzle-Strategy,5400
Tunic,16-Mar-22,3.9,Adventure-Indie-Puzzle-RPG,3400
Dark Souls,22-Sep-11,4.3,Adventure-RPG,14000
The Legend of Zelda: Ocarina of Time,21-Nov-98,4.3,Adventure-RPG,17000
Vampire Survivors,17-Dec-21,3.7,Arcade-Indie-RPG,6100
Fortnite,25-Jul-17,2.8,Adventure-RPG-Shooter-Strategy,17000
Fall Guys,4-Aug-20,3.0,Indie-Platform-Sport,16000
It Takes Two,25-Mar-21,4.2,Adventure-Platform-Puzzle,8100
BioShock,21-Aug-07,4.0,Adventure-RPG-Shooter,17000
Metal Gear Solid,3-Sep-98,4.2,Adventure-Tactical,12000
Yakuza: Like a Dragon,16-Jan-20,4.3,Adventure-RPG-Turn Based Strategy,6000
Animal Crossing: New Horizons,19-Mar-20,3.6,Simulator,20000
BioShock Infinite,26-Feb-13,3.5,Adventure-Shooter,18000
Deltarune: Chapter 2,17-Sep-21,4.3,Adventure-Indie-RPG-Turn Based Strategy,7500
Chrono Trigger,11-Mar-95,4.5,Adventure-RPG,9100
Sonic Mania,15-Aug-17,4.0,Adventure-Platform,12000
Horizon Zero Dawn,28-Feb-17,3.6,Adventure-RPG-Shooter,13000
Left 4 Dead 2,17-Nov-09,3.9,Shooter,19000
League of Legends,27-Oct-09,2.1,MOBA-RPG-Strategy,13000
Control,27-Aug-19,3.6,Adventure-Shooter,9600
Doki Doki Literature Club!,22-Sep-17,3.3,Adventure-Indie-Visual Novel,14000
Batman: Arkham City,18-Oct-11,4.1,Adventure-Brawler,16000
Yakuza Kiwami,21-Jan-16,3.7,Adventure-Brawler-RPG,9700
Phoenix Wright: Ace Attorney,15-Sep-05,4.1,Adventure-Puzzle-Visual Novel,12000
Team Fortress 2,9-Oct-07,3.9,Shooter,16000
Xenoblade Chronicles 2,1-Dec-17,3.9,Adventure-RPG,7400
Splatoon 3,9-Sep-22,4.1,Platform-Shooter,3500
Chrome Dino,1-Sep-14,3.5,Arcade,14000
Katana Zero,18-Apr-19,4.1,Adventure-Arcade-Indie-Platform-Strategy,9300
Life is Strange,29-Jan-15,3.4,Adventure-RPG,15000
Dark Souls II: Scholar of the First Sin,2-Apr-15,3.5,Adventure-RPG,11000
Deathloop,14-Sep-21,3.5,Adventure-Shooter,4200
Shadow of the Colossus,18-Oct-05,4.4,Adventure-Platform-Puzzle,10000
Teenage Mutant Ninja Turtles: Shredder's Revenge,16-Jun-22,3.8,Arcade-Brawler-Indie,3500
Psychonauts,19-Apr-05,4.0,Adventure-Platform,7100
Fallout 4,9-Nov-15,3.1,RPG-Shooter,16000
Uncharted 4: A Thief's End,10-May-16,4.1,Adventure-Shooter,14000
The Legend of Zelda: A Link to the Past,21-Nov-91,4.1,Adventure-Puzzle-RPG,13000
Silent Hill,23-Feb-99,4.1,Adventure-Puzzle,6800
Super Smash Bros. Brawl,31-Jan-08,3.8,Fighting-Platform,19000
Borderlands 2,18-Sep-12,3.5,RPG-Shooter,16000
No More Heroes,6-Dec-07,4.0,Adventure-Brawler,5600
Ghost of Tsushima,17-Jul-20,4.1,Adventure-Brawler-RPG,8500
Sifu,8-Feb-22,3.8,Brawler-Indie,2700
Super Mario Bros. 3,23-Oct-88,4.0,Platform,14000
Dishonored,9-Oct-12,3.9,Adventure-RPG,14000
Metal Gear Solid 3: Snake Eater,17-Nov-04,4.5,Adventure-Shooter-Tactical,9200
Journey,13-Mar-12,3.9,Adventure-Platform,12000
Kingdom Hearts,28-Mar-02,3.6,Adventure-RPG,12000
Titanfall 2,28-Oct-16,4.1,Adventure-Shooter,12000
Doom,10-Dec-93,4.0,Shooter,11000
Live A Live,22-Jul-22,4.1,RPG,1100
The Last of Us Remastered,26-Jul-14,4.3,Adventure-Shooter,12000
Sonic the Hedgehog,23-Jun-91,3.1,Platform,12000
Rocket League,6-Jul-15,3.4,Indie-Racing-Sport,17000
Batman: Arkham Knight,23-Jun-15,3.7,Adventure-Brawler,13000
Bayonetta 3,28-Oct-22,3.7,Brawler,1600
Disco Elysium,15-Oct-19,4.6,Adventure-RPG-Turn Based Strategy,4000
Guilty Gear: Strive,11-Jun-21,3.9,Fighting,5500
Wii Sports,19-Nov-06,3.7,Simulator-Sport,18000
Hogwarts Legacy,10-Feb-23,3.5,Adventure-RPG,1400
Mario Kart Wii,10-Apr-08,3.9,Racing,19000
Resident Evil 3,3-Apr-20,3.2,Adventure-Shooter,8400
Unpacking,2-Nov-21,3.6,Indie-Puzzle-Simulator,4900
Red Dead Redemption,18-May-10,4.2,Adventure-RPG-Shooter,13000
Tales of Arise,10-Sep-21,3.6,Adventure-RPG,3100
Deltarune: Chapter 1,31-Oct-18,3.9,Adventure-Indie-RPG-Turn Based Strategy,11000
Dead Space,27-Jan-23,4.3,Adventure-RPG-Shooter,1300
Tomb Raider,4-Mar-13,3.5,Adventure-Platform-Puzzle-Shooter,15000
Super Mario Galaxy 2,23-May-10,4.3,Adventure-Platform,13000
Donkey Kong Country,18-Nov-94,3.9,Adventure-Platform,11000
What Remains of Edith Finch,24-Apr-17,4.0,Adventure-Indie-Puzzle,8600
Monster Hunter Rise,26-Mar-21,4.0,Adventure-Brawler-RPG,5700
Pokémon Emerald,16-Sep-04,4.0,Adventure-RPG-Turn Based Strategy,16000
NEO: The World Ends with You,26-Jul-21,4.2,Brawler-RPG,2500
Mirror's Edge,11-Nov-08,3.5,Adventure-Platform-Shooter,12000
Bayonetta 2,20-Sep-14,4.1,Brawler,6000
Sonic Generations,1-Nov-11,3.8,Adventure-Platform,9900
Shin Megami Tensei: Nocturne,20-Feb-03,4.2,RPG,4100
Death's Door,20-Jul-21,3.8,Adventure-Brawler-Indie-RPG,3300
Devil May Cry 3: Dante's Awakening - Special Edition,24-Jan-06,4.4,Adventure-Brawler-Shooter,6500
Assassin's Creed IV Black Flag,29-Oct-13,3.7,Adventure-Platform,13000
The Legend of Zelda: Twilight Princess,19-Nov-06,4.0,Adventure-RPG,10000
Crisis Core: Final Fantasy VII - Reunion,13-Dec-22,3.8,RPG,1300
Metroid Prime,17-Nov-02,4.3,Adventure-Platform-Shooter,6800
Sonic the Hedgehog 2,21-Nov-92,3.7,Adventure-Platform,10000
Metal Gear Solid 4: Guns of the Patriots,12-Jun-08,3.9,Adventure-Shooter-Tactical,7700
Atomic Heart,21-Feb-23,3.0,Adventure-RPG-Shooter,983
Minecraft,20-Sep-17,4.2,Adventure-Simulator,11000
Resident Evil 5,5-Mar-09,3.1,Adventure-Shooter,10000
The World Ends with You,26-Jul-07,4.2,Arcade-RPG,5200
A Hat in Time,5-Oct-17,4.0,Adventure-Indie-Platform,7200
Scorn,14-Oct-22,3.0,Adventure-Indie-Puzzle,1400
Fire Emblem: Awakening,19-Apr-12,3.8,Adventure-RPG-Strategy,9500
Cuphead: The Delicious Last Course,30-Jun-22,4.3,Adventure-Indie-Platform,2200
Ori and the Will of the Wisps,10-Mar-20,4.3,Adventure-Platform,6000
Mass Effect,20-Nov-07,3.8,RPG-Shooter,10000
Return of the Obra Dinn,18-Oct-18,4.3,Adventure-Indie-Puzzle,4700
Kingdom Hearts III,25-Jan-19,3.5,Adventure-Brawler-RPG,8100
Fallout 3,28-Oct-08,3.4,RPG-Shooter,12000
Uncharted: Drake's Fortune,16-Nov-07,3.1,Adventure-Platform-Shooter,12000
Lost Judgment,24-Sep-21,4.3,Adventure-Brawler-RPG,1700
Super Mario 3D Land,3-Nov-11,3.5,Platform,12000
Gris,13-Dec-18,3.6,Adventure-Indie-Platform-Puzzle,6600
Silent Hill 3,23-May-03,4.2,Adventure-Puzzle,4900
Call of Duty: Modern Warfare 2,10-Nov-09,3.8,Shooter,14000
The Walking Dead: Season One,24-Apr-12,4.0,Adventure,12000
Mario Kart DS,14-Nov-05,3.8,Racing,15000
Apex Legends,4-Feb-19,3.1,Shooter,12000
Devil May Cry 2,25-Jan-03,1.6,Adventure-Brawler,6400
The Legend of Zelda: Ocarina of Time 3D,16-Jun-11,4.2,Adventure-Puzzle-RPG,11000
Twelve Minutes,19-Aug-21,2.4,Adventure-Indie-Puzzle,4000
Demon's Souls,5-Feb-09,4.1,Adventure-RPG,5500
Persona 3 Portable,1-Nov-09,4.0,Adventure-RPG-Strategy-Visual Novel,5500
Rayman Legends,30-Aug-13,4.0,Adventure-Platform,9800
Uncharted 2: Among Thieves,13-Oct-09,3.9,Adventure-Platform-Shooter,12000
Monster Hunter: World,26-Jan-18,3.8,Adventure-RPG,10000
Milk inside a bag of milk inside a bag of milk,26-Aug-20,3.3,Adventure-Indie-Visual Novel,3200
The Legend of Zelda: A Link Between Worlds,22-Nov-13,4.1,Adventure-Puzzle-RPG,10000
Final Fantasy XIV: Endwalker,7-Dec-21,4.6,Adventure-RPG,2500
The Legend of Zelda: The Minish Cap,4-Nov-04,3.9,Adventure-RPG,8700
Pokémon Go,6-Jul-16,2.7,RPG-Simulator,14000
Night in the Woods,21-Feb-17,4.0,Adventure-Indie-Platform,6000
Shin Megami Tensei IV,23-May-13,4.1,RPG,4300
Kingdom Hearts II,22-Dec-05,4.3,Adventure-RPG,9600
Castlevania: Aria of Sorrow,6-May-03,4.2,Adventure-Platform-RPG,5100
Halo: Reach,14-Sep-10,4.0,Shooter,11000
Grand Theft Auto: Vice City,27-Oct-02,3.8,Adventure-Arcade-Racing-Shooter,12000
A Short Hike,30-Jul-19,4.1,Adventure-Indie-Platform,5400
Ori and the Blind Forest,11-Mar-15,3.9,Adventure-Platform-Puzzle,7900
Demon's Souls,12-Nov-20,3.9,Adventure-RPG,4100
A Plague Tale: Innocence,14-May-19,3.7,Adventure-RPG,5400
The Legend of Zelda: Link's Awakening,20-Sep-19,3.9,Adventure,7600
Assassin's Creed,13-Nov-07,2.9,Adventure-Platform,13000
Assassin's Creed III,30-Oct-12,3.0,Adventure-Strategy,12000
Castlevania,26-Sep-86,3.4,Adventure-Platform,5700
Milk outside a bag of milk outside a bag of milk,16-Dec-21,3.7,Adventure-Indie-Visual Novel,1500
Lisa,15-Dec-14,4.3,Adventure-Indie-RPG,2900
Crash Bandicoot,9-Sep-96,3.5,Platform,8700
The Legend of Zelda: The Wind Waker HD,26-Sep-13,4.3,Adventure-Puzzle,6700
The Outer Worlds,25-Oct-19,3.2,Adventure-RPG-Shooter,6600
The Legend of Zelda: Majora's Mask 3D,12-Feb-15,4.1,Adventure-RPG,6700
The Callisto Protocol,2-Dec-22,2.9,Adventure-Shooter,737
The Wolf Among Us,11-Oct-13,3.9,Adventure,8100
Dead Space 2,25-Jan-11,4.0,Adventure-Shooter,6000
Super Mario Bros. 2,9-Oct-88,3.1,Adventure-Platform,8400
Until Dawn,25-Aug-15,3.4,Adventure,8000
Kid Icarus: Uprising,22-Mar-12,4.1,Brawler-Shooter,5400
Chained Echoes,8-Dec-22,4.2,Adventure-Indie-RPG-Strategy-Turn Based Strategy,445
BioShock Remastered,14-Sep-16,4.0,Adventure-RPG-Shooter,4800
Sonic Unleashed,20-Nov-08,3.3,Adventure-Brawler-Platform,6500
Yakuza 5 Remastered,20-Jun-19,4.1,Adventure,2900
Metal Gear Solid 3: Subsistence,22-Dec-05,4.6,Adventure-Shooter-Tactical,3700
Super Mario World 2: Yoshi's Island,5-Aug-95,4.1,Platform,7100
Devil May Cry 4,31-Jan-08,3.6,Adventure-Brawler,6500
Donut County,28-Aug-18,3.4,Adventure-Indie-Puzzle,5600
Assassin's Creed Origins,26-Oct-17,3.4,Adventure-RPG,7200
Ghostwire: Tokyo,24-Mar-22,3.1,Adventure,1200
Yakuza 4 Remastered,17-Jan-19,3.7,Adventure-Brawler,3500
Call of Duty: Modern Warfare II,28-Oct-22,3.3,Shooter,1600
Crash Bandicoot 4: It's About Time,2-Oct-20,3.8,Platform,3200
Grand Theft Auto III,22-Oct-01,3.3,Adventure-Racing-Shooter-Simulator,7800
Dead by Daylight,14-Jun-16,3.0,Indie-Strategy,7100
Abzu,2-Aug-16,3.4,Adventure-Indie-Puzzle-Simulator,5400
Batman: Arkham Origins,16-Oct-13,3.4,Adventure-Brawler,7800
Splatoon 2,21-Jul-17,3.8,Platform-Shooter,8900
Pokémon HeartGold,12-Sep-09,4.2,Adventure-RPG-Turn Based Strategy,9500
Kena: Bridge of Spirits,20-Sep-21,3.6,Adventure-Indie,2000
Final Fantasy VIII,11-Feb-99,3.6,Adventure-RPG,5100
The Elder Scrolls IV: Oblivion,20-Mar-06,3.7,Adventure-RPG,8100
The Silver Case,7-Oct-16,4.2,Adventure-Puzzle-Visual Novel,1400
Marvel's Spider-Man Remastered,12-Nov-20,4.2,Adventure-Brawler,2800
Alan Wake,14-May-10,3.6,Adventure-Shooter,6200
A Way Out,23-Mar-18,3.6,Adventure,6400
LEGO Batman: The Video Game,18-Apr-08,3.6,Adventure-Brawler-Platform,8800
Borderlands 3,13-Sep-19,3.2,RPG-Shooter,5700
Dragon Ball FighterZ,26-Jan-18,3.7,Fighting,7800
Ico,24-Sep-01,4.0,Adventure-Platform-Puzzle,3500
Shin Megami Tensei III: Nocturne - HD Remaster,28-Oct-20,4.0,RPG-Turn Based Strategy,1800
The Witness,26-Jan-16,3.6,Adventure-Indie-Puzzle,5300
Animal Crossing: New Leaf,8-Nov-12,4.0,Simulator,9900
Wo Long: Fallen Dynasty,3-Mar-23,3.5,Adventure-RPG,513
Final Fantasy VII Remake Intergrade,10-Jun-21,4.2,Adventure-RPG,2400
Sonic Adventure 2,23-Jun-01,3.6,Adventure-Platform,5100
Destiny 2,6-Sep-17,2.9,Adventure-RPG-Shooter,8700
Kirby's Dream Land,27-Apr-92,3.2,Platform,5300
Sonic the Hedgehog 3 & Knuckles,18-Oct-94,4.2,Platform,6000
Resident Evil 2,21-Jan-98,4.2,Adventure-Shooter,5500
Full Metal Daemon Muramasa,30-Oct-09,4.3,Adventure-Visual Novel,496
Soma,21-Sep-15,4.0,Adventure-Indie,3900
The Binding of Isaac: Rebirth,4-Nov-14,4.0,Adventure-Arcade-Indie-RPG-Shooter,8200
Luigi's Mansion 3,31-Oct-19,3.8,Adventure,5600
Katamari Damacy Reroll,6-Dec-18,4.1,Adventure-Puzzle,4300
Friday Night Funkin',1-Nov-20,2.8,Music,4500
Osu!,16-Sep-07,3.1,Indie-Music,7300
The Legend of Zelda: Twilight Princess,19-Nov-06,4.1,Adventure-RPG,6000
Bloodborne: The Old Hunters,24-Nov-15,4.6,Adventure-RPG,4400
Fire Emblem Warriors: Three Hopes,24-Jun-22,3.6,Brawler-RPG-Simulator-Strategy-Tactical,1100
Super Smash Bros. for Nintendo 3DS,13-Sep-14,3.3,Fighting,10000
The Legend of Heroes: Trails to Azure,29-Sep-11,4.5,Adventure-RPG-Strategy-Turn Based Strategy,1400
Super Mario RPG: Legend of the Seven Stars,9-Mar-96,4.0,Adventure-Platform-RPG,4400
Astral Chain,30-Aug-19,3.6,Adventure-Brawler,3600
DmC: Devil May Cry,15-Jan-13,3.0,Adventure-Brawler,6300
Dragon Age: Origins,3-Nov-09,4.0,RPG,6100
Mario Kart 8,29-May-14,3.9,Arcade-Racing,9300
Xenoblade Chronicles,10-Jun-10,4.2,Adventure-RPG,3900
The Forgotten City,28-Jul-21,3.9,Adventure-Indie-RPG,1700
Untitled Goose Game,20-Sep-19,3.6,Adventure-Indie-Puzzle-Simulator,6500
Sonic Adventure 2: Battle,20-Dec-01,3.7,Adventure-Platform,6800
Saints Row: The Third,15-Nov-11,3.4,Adventure-Racing-Shooter,9400
Call of Duty: Black Ops III,6-Nov-15,3.1,Adventure-Shooter,8200
Pokémon Red,27-Feb-96,3.4,Adventure-RPG-Turn Based Strategy,8800
Tinykin,30-Aug-22,4.0,Adventure-Arcade-Indie-Platform-Puzzle-RPG,753
Dragon's Dogma: Dark Arisen,23-Apr-13,3.8,Adventure-RPG,3300
Brawlhalla,30-Apr-14,2.6,Arcade-Fighting-Indie-Platform,6900
Pokémon Unite,20-Jul-21,2.7,MOBA,4500
Black Mesa,6-Mar-20,4.1,Adventure-Indie-Platform-Shooter,3700
The Messenger,30-Aug-18,3.8,Adventure-Arcade-Indie-Platform,3700
Jet Set Radio,18-Sep-12,3.7,Platform,3500
Pathologic 2,23-May-19,4.3,Adventure-Indie-RPG,1300
Tactics Ogre: Reborn,11-Nov-22,4.1,RPG-Simulator-Strategy-Tactical,279
Hyper Light Drifter,31-Mar-16,3.8,Adventure-Indie-Platform-RPG,4000
Left 4 Dead,17-Nov-08,3.6,Shooter,8600
The 25th Ward: The Silver Case,13-Mar-18,4.4,Adventure-Puzzle-Visual Novel,751
Darkest Dungeon,19-Jan-16,3.6,Adventure-Indie-RPG-Strategy-Turn Based Strategy,5200
Roblox,1-Sep-06,2.8,Adventure-Platform-Simulator,5100
The Last Guardian,6-Dec-16,3.7,Adventure-Platform-Puzzle,3200
Drakengard 3,19-Dec-13,3.8,Adventure-Brawler-RPG-Strategy,1900
Half-Life 2: Episode One,1-Jun-06,3.7,Shooter,7000
Assassin's Creed Revelations,14-Nov-11,3.3,Adventure,8700
Half-Life 2: Episode Two,9-Oct-07,4.1,Puzzle-Shooter,6900
Mega Man,17-Dec-87,2.8,Adventure-Platform,5400
PowerWash Simulator,19-May-21,3.7,Indie-Simulator,1700
Cave Story,20-Dec-04,4.2,Adventure-Indie-Platform-Shooter,3700
Final Fantasy XIV: Shadowbringers,2-Jul-19,4.6,RPG,3000
Days Gone,26-Apr-19,3.2,Adventure-Shooter,3900
Tom Clancy's Rainbow Six Siege,1-Dec-15,3.2,Shooter-Tactical,7900
Trek to Yomi,5-May-22,2.7,Adventure-Brawler-Indie,1000
Sonic CD,23-Sep-93,3.4,Platform,4900
Mario Kart: Double Dash!!,7-Nov-03,3.9,Racing,8400
Rayman Origins,15-Nov-11,3.8,Adventure-Platform,6200
Klonoa Phantasy Reverie Series,8-Jul-22,3.8,Adventure-Platform,647
Hitman 2,13-Nov-18,4.0,Adventure-Shooter-Tactical,5000
Max Payne 3,15-May-12,3.7,Shooter,5600
Catherine: Full Body,14-Feb-19,3.8,Adventure-Platform-Puzzle-Simulator-Strategy,2600
Kirby: Planet Robobot,28-Apr-16,4.2,Adventure-Platform,3600
Battlefield 1,21-Oct-16,3.4,Shooter,7200
Kirby’s Return to Dream Land Deluxe,24-Feb-23,4.2,Adventure-Platform,408
Persona 2: Eternal Punishment,29-Jun-00,4.1,Adventure-RPG,1600
Star Wars Battlefront II,17-Nov-17,3.1,Adventure-Shooter,7800
Super Paper Mario,9-Apr-07,3.8,Adventure-Platform-RPG,6200
The Great Ace Attorney 2: Resolve,3-Aug-17,4.6,Adventure-Puzzle-Visual Novel,1100
Bugsnax,12-Nov-20,3.6,Adventure-Indie-Puzzle,2700
Star Wars: Battlefront II,31-Oct-05,4.0,Shooter,7700
Pokémon Shield,15-Nov-19,2.9,Adventure-RPG-Turn Based Strategy,6300
Super Castlevania IV,31-Oct-91,3.7,Adventure-Platform,3700
Brothers: A Tale of Two Sons,7-Aug-13,3.5,Adventure-Indie-Puzzle,4000
Call of Duty: Modern Warfare,25-Oct-19,3.4,Shooter,5100
GoldenEye 007,23-Aug-97,3.6,Shooter,4500
Evil West,22-Nov-22,3.3,Adventure-Brawler-Shooter,335
Gravity Rush 2,18-Jan-17,3.9,Adventure-Platform,2100
Metroid Prime 2: Echoes,15-Nov-04,4.0,Adventure-Platform-Shooter,3000
The Forest,30-Apr-18,3.2,Adventure-Indie-Puzzle-Simulator,4500
CrossCode,20-Sep-18,4.0,Adventure-Indie-Puzzle-RPG,1500
Sekiro: Shadows Die Twice - GOTY Edition,28-Oct-20,4.6,Adventure-Brawler-RPG,1400
Saints Row IV,19-Aug-13,3.1,Adventure-Shooter,7200
Fallout 2,29-Oct-98,4.1,RPG-Turn Based Strategy,2400
Chrono Cross,18-Nov-99,4.0,RPG,1700
Fire Emblem: Path of Radiance,20-Apr-05,4.2,RPG-Strategy-Tactical-Turn Based Strategy,2900
Kingdom Hearts Final Mix,26-Dec-02,3.8,RPG,3700
Professor Layton and the Curious Village,15-Feb-07,3.7,Puzzle-Visual Novel,4200
Ys VIII: Lacrimosa of Dana,21-Jul-16,4.2,Adventure-RPG,1900
Hotel Dusk: Room 215,22-Jan-07,4.0,Adventure-Puzzle-Visual Novel,1600
Postal 2,13-Apr-03,3.4,Adventure-Indie-Shooter,3400
Fez,13-Apr-12,3.6,Adventure-Indie-Platform-Puzzle,4400
Marvel's Midnight Suns,2-Dec-22,3.9,RPG-Strategy-Tactical,280
Streets of Rage 4,30-Apr-20,3.9,Arcade-Brawler-Fighting-Indie,2900
Shin Megami Tensei: Persona,22-Oct-09,2.9,RPG,2500
Kirby's Return to Dream Land,24-Oct-11,4.0,Adventure-Platform,4100
BioShock 2 Remastered,14-Sep-16,3.7,RPG-Shooter,2400
God of War: Chains of Olympus,4-Mar-08,3.2,Adventure-Brawler,4000
Splatoon,28-May-15,3.7,Platform-Shooter,6100
Nickelodeon All-Star Brawl,5-Oct-21,2.5,Arcade-Fighting,1900
The Great Ace Attorney: Adventures,9-Jul-15,4.1,Adventure-Puzzle-Visual Novel,1600
Sonic Rush,15-Nov-05,3.6,Platform,4600
Chrono Trigger,20-Nov-08,4.4,Adventure,2400
Street Fighter V,15-Feb-16,3.0,Arcade-Fighting,5000
Somerville,15-Nov-22,2.8,Adventure,442
Bully: Scholarship Edition,4-Feb-08,4.0,Adventure,3900
Borderlands: The Pre-Sequel,14-Oct-14,2.9,RPG-Shooter,5300
Alice: Madness Returns,14-Jun-11,3.5,Adventure-Brawler-Platform,2800
Super Mario 3D All-Stars,18-Sep-20,3.5,Adventure-Platform,4700
S.T.A.L.K.E.R.: Shadow of Chernobyl,20-Mar-07,3.9,RPG-Shooter,2500
JoJo’s Bizarre Adventure: All-Star Battle R,1-Sep-22,3.4,Adventure-Fighting,796
Geometry Dash,12-Aug-13,3.1,Adventure-Arcade-Indie-Music-Platform,5100
Mario + Rabbids Sparks of Hope,20-Oct-22,3.9,Adventure-Strategy-Tactical-Turn Based Strategy,356
Back 4 Blood,12-Oct-21,2.5,Shooter,2900
Half-Life: Alyx,23-Mar-20,4.6,Adventure-Puzzle-Shooter,1900
Hyper Demon,19-Sep-22,4.1,Indie-Shooter,245
Mortal Kombat,19-Apr-11,3.6,Fighting,6600
Resident Evil,22-Mar-96,3.7,Adventure-Puzzle,3400
Call of Duty: Ghosts,5-Nov-13,2.4,Shooter,6500
Ridge Racer Type 4,3-Dec-98,4.2,Racing,1000
Lil Gator Game,14-Dec-22,4.1,Adventure-Indie-Platform,247
Oxenfree,14-Jan-16,3.6,Adventure-Indie,3900
Overcooked! 2,7-Aug-18,3.6,Arcade-Indie-Simulator-Strategy-Tactical,4900
Before Your Eyes,8-Apr-21,4.2,Adventure-Indie,1200
Sly Cooper and the Thievius Raccoonus,23-Sep-02,3.7,Adventure-Platform,3700
Nobody Saves the World,18-Jan-22,3.5,Adventure-Brawler-Indie-RPG,949
Crazy Taxi,12-Feb-99,3.6,Arcade-Racing,4800
Chrono Cross: The Radical Dreamers Edition,7-Apr-22,3.6,Adventure-RPG,358
Spore,4-Sep-08,3.3,Adventure-Real Time Strategy-RPG-Simulator-Strategy,6000
Dwarf Fortress,6-Dec-22,4.6,Indie-RPG-Simulator-Strategy,225
Klonoa 2: Lunatea's Veil,22-Mar-01,4.2,Adventure-Platform-Sport,1100
Pokémon Blue,15-Oct-96,3.6,Adventure-RPG-Turn Based Strategy,5900
Planescape: Torment,12-Dec-99,4.3,RPG-Strategy,1100
Far Cry 3: Blood Dragon,1-May-13,3.4,Adventure-Shooter,4400
BattleBlock Theater,3-Apr-13,3.5,Adventure-Indie-Platform-Puzzle,5500
The Beginner's Guide,1-Oct-15,4.0,Adventure-Indie,2700
Naruto Shippuden: Ultimate Ninja Storm 4,4-Feb-16,3.5,Adventure-Fighting,4800
Mega Man 3,28-Sep-90,3.4,Adventure-Platform,3800
Ni no Kuni: Wrath of the White Witch,17-Nov-11,3.7,Adventure-RPG,2400
Fortnite: Chapter 4,4-Dec-22,3.5,RPG-Shooter-Strategy,365
Danganronpa Another Episode: Ultra Despair Girls,1-Sep-15,2.7,Adventure-Brawler-Puzzle-Shooter,3400
The Artful Escape,9-Sep-21,3.3,Adventure-Indie-Music-Platform,1100
Dishonored: Definitive Edition,8-Oct-13,4.1,Adventure-Shooter,1600
Pac-Man World Re-Pac,25-Aug-22,3.5,Adventure-Arcade-Platform-Racing-Shooter,368
Ib,11-Apr-22,4.0,Adventure-Indie-Puzzle-RPG,787
Castlevania: Circle of the Moon,21-Mar-01,3.0,Adventure-Platform-RPG,2100
Higurashi: When They Cry,10-Aug-02,4.2,Adventure-Visual Novel,1100
Life is Strange: Before the Storm,31-Aug-17,3.3,Adventure,4000
Darkwood,17-Aug-17,3.9,Adventure-Indie-RPG,836
Beyond Good & Evil,11-Nov-03,3.9,Adventure-Shooter,2300
Metroid II: Return of Samus,26-Aug-91,3.1,Adventure-Platform-Shooter,2100
Shenmue,29-Dec-99,3.8,Adventure-Brawler-RPG-Simulator,1600
Project Zomboid,8-Nov-13,3.6,Indie-RPG-Simulator,1700
Crash Team Racing,30-Sep-99,4.0,Racing,4800
Carrion,23-Jul-20,3.3,Adventure-Indie-Platform,2800
Gears of War 2,7-Nov-08,3.7,Shooter,4600
Phoenix Wright: Ace Attorney - Dual Destinies,25-Jul-13,3.4,Adventure-Puzzle-RPG-Simulator-Visual Novel,3300
The Legend of Zelda: Oracle of Seasons,27-Feb-01,3.7,Adventure-RPG,3100
Wild Hearts,16-Feb-23,3.2,Adventure,73
God of War: Ascension,12-Mar-13,2.9,Adventure-Brawler,2700
Xenosaga Episode III: Also sprach Zarathustra,6-Jul-06,4.3,Adventure-RPG,762
Kirby's Dream Land 3,27-Nov-97,3.4,Adventure-Platform,2600
Castlevania: Harmony of Dissonance,6-Jun-02,3.2,Adventure-Platform-RPG,2000
Shantae and the Pirate's Curse,22-Oct-14,3.8,Adventure-Indie-Platform-RPG,2200
Happy Wheels,4-Jun-10,2.8,Adventure-Platform-Racing,5100
Guilty Gear XX Accent Core Plus R,20-Sep-12,4.1,Arcade-Fighting,2500
Fire Emblem Fates: Birthright,25-Jun-15,2.7,RPG-Strategy-Turn Based Strategy,4300
Final Fantasy IV,19-Jul-91,3.7,RPG,2700
Devil May Cry 5: Special Edition,10-Nov-20,4.5,Brawler,1000
Castlevania III: Dracula's Curse,1-Sep-90,3.6,Adventure-Platform,2400
Gloomwood,5-Sep-22,4.0,Adventure-Indie-Shooter,265
Call of Duty: Advanced Warfare,3-Nov-14,2.5,Shooter,5200
The Legend of Heroes: Trails of Cold Steel,26-Sep-13,3.7,Adventure-RPG-Turn Based Strategy,2100
Metal Gear Solid 3: Snake Eater HD Edition,8-Nov-11,4.6,Adventure-Shooter,2500
Mario Kart: Super Circuit,21-Jul-01,2.8,Racing,3700
Pokémon Shining Pearl,18-Nov-21,2.9,Adventure-RPG-Turn Based Strategy,1900
PUBG: Battlegrounds,20-Dec-17,2.4,Shooter,5200
Tetris,14-May-89,4.0,Puzzle,2500
Rule of Rose,19-Jan-06,3.8,Adventure-Puzzle,727
Lollipop Chainsaw,12-Jun-12,3.4,Brawler,1600
Pokémon LeafGreen,29-Jan-04,3.8,Adventure-RPG-Turn Based Strategy,5900
Bowser's Fury,12-Feb-21,3.9,Adventure-Platform,2100
ZeroRanger,28-Sep-18,4.3,Arcade-Indie-Shooter,561
Labyrinth of Galleria: The Moon Society,26-Nov-20,4.3,Adventure-RPG-Strategy,67
Street Fighter II,1-Feb-91,3.5,Arcade-Fighting,4300
Resident Evil: Revelations,26-Jan-12,3.2,Adventure-Shooter,2900
Shin Megami Tensei,30-Oct-92,3.3,RPG,1300
Tomb Raider,25-Oct-96,3.3,Adventure-Platform-Puzzle-Shooter,2700
FIFA 23,29-Sep-22,2.6,Simulator-Sport,523
Battlefield: Bad Company 2,2-Mar-10,3.6,Adventure-Shooter-Simulator-Strategy,4200
The Walking Dead: A New Frontier,20-Dec-16,2.8,Adventure,2900
Ninja Gaiden Black,20-Sep-05,4.3,Adventure-Brawler,992
Sid Meier's Civilization V,21-Sep-10,3.9,Simulator-Strategy-Turn Based Strategy,5400
World of Horror,20-Feb-20,3.7,Adventure-Indie-RPG-Turn Based Strategy,871
Fire Emblem: Shadow Dragon,7-Aug-08,3.2,RPG-Strategy-Tactical-Turn Based Strategy,1900
Tomodachi Life,18-Apr-13,3.7,Adventure-Simulator,3400
Downwell,14-Oct-15,3.5,Adventure-Arcade-Indie-Platform-Shooter,3700
SpongeBob SquarePants: Battle For Bikini Bottom,31-Oct-03,3.8,Adventure-Platform,3400
LEGO Harry Potter: Years 1-4,25-Jun-10,3.2,Adventure-Platform-Puzzle,4100
Dragon Quest V: Hand of the Heavenly Bride,17-Jul-08,4.2,RPG,1400
Fear & Hunger,11-Dec-18,3.8,Indie-RPG,110
For Honor,13-Feb-17,2.8,Brawler-Fighting,4100
Sonic Lost World,18-Oct-13,2.5,Adventure-Platform,2500
Bug Fables: The Everlasting Sapling,21-Nov-19,4.1,Adventure-Indie-RPG-Turn Based Strategy,1000
Hyrule Warriors: Age of Calamity,19-Nov-20,3.5,Adventure-Brawler-Fighting,2700
LEGO Batman 3: Beyond Gotham,11-Nov-14,3.1,Adventure-Platform-Puzzle,2900
Moonscars,27-Sep-22,2.9,Adventure-Brawler-Indie-Platform,248
The Witcher 3: Wild Hunt - Hearts of Stone,12-Oct-15,4.4,Adventure-RPG,3100
Remnant: From the Ashes,20-Aug-19,3.2,Adventure-RPG-Shooter,2100
Halo 5: Guardians,27-Oct-15,2.5,Shooter,3500
Hearthstone,11-Mar-14,2.9,Card & Board Game-Strategy-Turn Based Strategy,5500
Ultimate Spider-Man,21-Sep-05,3.6,Brawler,3700
Chop Goblins,12-Dec-22,3.5,Indie-Shooter,195
Secret of Mana,6-Aug-93,3.3,RPG,1900
428: Shibuya Scramble,4-Dec-08,4.2,Adventure-Visual Novel,676
Potion Craft,21-Sep-21,3.2,Indie-Puzzle-RPG-Simulator,471
Mega Man Legends,18-Dec-97,3.7,Adventure-RPG-Shooter,1400
Xenoblade Chronicles: Future Connected,29-May-20,3.5,RPG,1900
Crab Game,29-Oct-21,2.5,Arcade-Fighting-Indie-Racing-Strategy,2300
NEET Girl Date Night,21-Oct-22,2.7,Visual Novel,106
Dante's Inferno,4-Feb-10,3.2,Adventure-Brawler,2600
Haunting Ground,21-Apr-05,3.8,Adventure,597
Assassin's Creed Rogue,11-Nov-14,3.2,Adventure-RPG,3400
Garten of Banban 2,3-Mar-23,1.5,Adventure-Indie,55
Pokémon Stadium,30-Apr-99,3.3,RPG-Turn Based Strategy,5400
Outlast II,25-Apr-17,2.8,Adventure-Indie,2700
Fire Emblem: Thracia 776,1-Sep-99,4.1,RPG-Strategy-Tactical,820
Moonlighter,29-May-18,3.2,Adventure-Brawler-Indie-RPG-Simulator,2200
Pikmin 3,13-Jul-13,4.0,Adventure-Real Time Strategy,2700
Five Nights at Freddy's 4,23-Jul-15,2.8,Adventure-Indie-Simulator-Strategy,3300
Chaos;Head Noah,26-Feb-09,4.0,Adventure-Simulator-Visual Novel,199
Nier: Automata - The End of Yorha Edition,6-Oct-22,4.5,Adventure-RPG,370
Phoenix Wright: Ace Attorney - Spirit of Justice,9-Jun-16,3.7,Adventure-Puzzle-RPG-Visual Novel,2400
Crysis,13-Nov-07,3.2,Adventure-Shooter,3000
Fallout Shelter,14-Jun-15,2.4,RPG-Simulator-Strategy,5300
Sonic and the Secret Rings,20-Feb-07,1.9,Platform,3100
FTL: Faster Than Light,14-Sep-12,3.8,Indie-RPG-Simulator-Strategy,3800
Mario Party 2,17-Dec-99,3.7,Card & Board Game,3900
Attack of the Friday Monsters! A Tokyo Tale,17-Jul-13,3.7,Adventure-Simulator,393
Animal Crossing,14-Dec-01,3.9,Simulator,3900
Fire Emblem Fates: Revelation,9-Jul-15,2.3,RPG-Strategy-Turn Based Strategy,2500
Bloodstained: Curse of the Moon,23-May-18,3.6,Adventure-Indie-Platform,2300
Final Fantasy XIII-2,15-Dec-11,3.3,Adventure-RPG,2300
Agar.io,28-Apr-15,2.2,Indie-Strategy,4400
Fatal Frame II: Crimson Butterfly,27-Nov-03,4.2,Adventure,1000
Ni no Kuni II: Revenant Kingdom,23-Mar-18,3.3,Adventure-RPG,1700
Metal Gear,13-Jul-87,2.9,Adventure-Shooter,1900
Disney's Aladdin,21-Nov-93,3.4,Adventure-Arcade-Platform,2200
Fable II,21-Oct-08,3.6,Adventure-RPG,3200
Celeste: Farewell,9-Sep-19,4.5,Platform,648
Axiom Verge 2,11-Aug-21,3.4,Adventure-Indie-Platform,312
Lightning Returns: Final Fantasy XIII,21-Nov-13,3.1,RPG,1500
Yakuza 2,7-Dec-06,4.0,Adventure-Brawler-RPG-Simulator-Sport,1000
F-Zero X,14-Jul-98,3.9,Arcade-Racing,1700
Chibi-Robo!,23-Jun-05,4.1,Adventure-Platform,1000
Super Mario Sunshine,18-Sep-20,3.7,Adventure-Platform,340
RimWorld,17-Oct-18,4.2,Indie-Real Time Strategy-Simulator-Strategy,1600
Professor Layton and the Miracle Mask,26-Feb-11,3.7,Puzzle-Visual Novel,1300
Mega Man X5,30-Nov-00,3.2,Adventure-Platform-Shooter,2200
Tokyo Necro,29-Jan-16,4.6,Adventure-Visual Novel,14
Disney Dreamlight Valley,6-Sep-22,3.5,Adventure-RPG-Simulator,329
Mega Man 7,24-Mar-95,3.5,Adventure-Platform-Shooter,2400
Figment,22-Sep-17,2.8,Adventure-Indie-Music-Platform-Puzzle,183
Professor Layton vs. Phoenix Wright: Ace Attorney,29-Nov-12,3.6,Adventure-Puzzle-Strategy-Visual Novel,1800
Metal Gear Solid: The Twin Snakes,9-Mar-04,3.6,Adventure,1900
The Simpsons Game,30-Oct-07,3.0,Platform,3800
Mega Man Zero 2,2-May-03,3.7,Adventure-Platform-Shooter,1900
Gears 5,9-Sep-19,3.4,Adventure-Shooter,2100
Crash of the Titans,4-Oct-07,3.0,Adventure-Platform,3800
Alan Wake Remastered,5-Oct-21,3.7,Adventure-Shooter,690
Final Fantasy XV: Royal Edition,6-Mar-18,3.7,Adventure-Fighting-RPG,1700
The Witcher,26-Oct-07,3.0,Adventure-RPG,1600
Final Fantasy III,24-Aug-06,3.1,Adventure-RPG,2600
Snatcher,23-Oct-92,4.0,Adventure-Shooter-Visual Novel,547
Hello Charlotte Ep.3: Childhood's End,5-Jan-18,4.3,Adventure-Indie-RPG-Visual Novel,424
Star Wars: Battlefront,20-Sep-04,3.5,Shooter,4100
Ikaruga,20-Dec-01,4.0,Arcade-Indie-Puzzle-Shooter,1300
Ys: The Oath in Felghana,4-Jul-05,4.0,Adventure-RPG,1000
American McGee's Alice,6-Dec-00,3.4,Adventure-Platform-Puzzle,1100
Call of Duty,29-Oct-03,3.3,Shooter,2800
Clash of Clans,2-Aug-12,2.5,Real Time Strategy-Strategy,2600
Fate/stay night,30-Jan-04,4.0,Adventure-Visual Novel,1900
Tabletop Simulator,5-Jun-15,3.7,Card & Board Game-Indie-RPG-Simulator-Strategy,3200
Duskers,18-May-16,3.6,Indie-Simulator-Strategy,61
Control: Ultimate Edition,27-Aug-20,4.0,Adventure-Shooter,1400
Advance Wars,10-Sep-01,3.7,Simulator-Strategy-Tactical-Turn Based Strategy,1900
Touhou Koumakyou: The Embodiment of Scarlet Devil,11-Aug-02,3.8,Indie-Shooter,1900
Weird West,31-Mar-22,3.0,Adventure-Indie-RPG-Simulator,405
Pokémon Mystery Dungeon: Blue Rescue Team,17-Nov-05,3.7,Adventure-RPG-Turn Based Strategy,3800
WarioWare Gold,27-Jul-18,3.9,Arcade,1700
Dragon Ball: Xenoverse,5-Feb-15,2.9,Fighting-RPG,3700
Call of Duty: Black Ops 4,12-Oct-18,2.3,Shooter,3500
Bloodborne: Game of the Year Edition,27-Nov-15,4.6,RPG,1500
Ape Out,28-Feb-19,3.5,Adventure-Arcade-Fighting-Indie,1800
WarioWare: Smooth Moves,2-Dec-06,3.9,Puzzle,3100
Puyo Puyo Tetris,6-Feb-14,3.8,Puzzle-Strategy,3100
Prince of Persia: Warrior Within,30-Nov-04,3.5,Adventure-Fighting-Platform,2800
Kentucky Route Zero: TV Edition,27-Jan-20,4.1,Adventure-Indie,772
Factorio,14-Aug-20,4.2,Indie-Simulator-Strategy,1600
Scott Pilgrim vs. the World: The Game - Complete Edition,14-Jan-21,3.6,Adventure-Brawler-Fighting,1200
Monster Hunter 4 Ultimate,11-Oct-14,4.2,Adventure-RPG,2000
Fruit Ninja Classic,20-Apr-10,2.7,Arcade,3800
Doom,10-Nov-17,3.9,Shooter,2300
Tom Clancy's The Division,7-Mar-16,2.8,Adventure-RPG-Shooter-Strategy-Tactical,2900
Crysis 2,22-Mar-11,3.1,Adventure-Shooter,2900
Resident Evil 4: Wii Edition,31-May-07,4.4,Adventure-Shooter,1100
Nuclear Throne,5-Dec-15,3.7,Adventure-Arcade-Indie-RPG-Shooter,2200
Super Hexagon,31-Aug-12,3.4,Arcade-Indie-Music,2300
Condemned: Criminal Origins,16-Nov-05,3.5,Adventure-Shooter,1300
PlayStation All-Stars Battle Royale,20-Nov-12,2.4,Fighting-Platform,2600
Dragon Quest,1-Mar-04,3.1,Adventure-RPG,1800
Mount & Blade: Warband,31-Mar-10,3.9,Adventure-RPG-Shooter-Simulator-Strategy,2400
Monster Hunter Generations Ultimate,18-Mar-17,4.2,Brawler-RPG,1500
The Jackbox Party Pack 3,18-Oct-16,3.8,Indie-Puzzle-Strategy,2700
Digimon World: Next Order,17-Mar-16,3.1,Adventure-RPG-Simulator,321
Odin Sphere: Leifthrasir,14-Jan-16,4.1,RPG,895
Bulletstorm,22-Feb-11,3.2,Shooter,2300
The Witcher 2: Assassins of Kings,17-May-11,3.6,Adventure-RPG,1600
Animal Crossing: City Folk,16-Nov-08,3.4,Simulator,3100
Microsoft Minesweeper,8-Oct-90,3.2,Puzzle,2400
Sonic 3D Blast,14-Nov-96,2.3,Platform,2300
Mario Party 4,21-Oct-02,3.5,Card & Board Game,3000
Mario Party 3,7-Dec-00,3.7,Card & Board Game,2800
Peggle,27-Feb-07,3.6,Puzzle,2500
Plague Inc: Evolved,18-Sep-15,3.1,Indie-Simulator-Strategy-Tactical,4000
Star Wars: Episode III - Revenge of the Sith,5-May-05,3.1,Adventure-Brawler,2100
Prince of Persia,2-Dec-08,3.0,Adventure-Platform-Puzzle,2500
System Shock,22-Sep-94,3.9,RPG-Shooter,544
Sonic Rush Adventure,14-Sep-07,3.5,Platform,1900
Destroy All Humans!,21-Jun-05,3.2,Adventure,2200
Marvel vs. Capcom: Clash of Super Heroes,12-Jan-98,3.7,Fighting,2000
The World Ends with You: Final Remix,27-Sep-18,4.0,Adventure-RPG,1500
Ristar,16-Feb-95,3.6,Adventure-Platform,1200
Crash Team Racing Nitro-Fueled,21-Jun-19,3.9,Arcade-Racing,2500
Mega Man X6,29-Nov-01,2.3,Adventure-Platform,1900
Slender: The Eight Pages,26-Jun-12,2.0,Adventure-Indie,2700
Mark of the Ninja,7-Sep-12,3.8,Adventure-Indie-Platform,1900
Octodad: Dadliest Catch,30-Jan-14,3.2,Adventure-Indie-Platform-Simulator-Strategy,2500
Dragon Ball Z: Budokai Tenkaichi,6-Oct-05,2.9,Fighting,1700
The King of Fighters XV,16-Feb-22,4.0,Fighting,718
Killing Floor 2,18-Nov-16,3.1,Shooter,2800
Ape Escape 3,14-Jul-05,4.3,Platform,874
The Simpsons Arcade Game,4-Mar-91,3.3,Arcade-Brawler,1500
Toy Story 2: Buzz Lightyear to the Rescue!,22-Nov-99,3.4,Adventure-Platform,2300
Rayman Raving Rabbids,19-Nov-06,2.7,Adventure-Platform-Puzzle,2700
Prototype 2,24-Apr-12,3.0,Adventure-Brawler-Platform,2400
MadWorld,10-Mar-09,3.5,Brawler,1100
Call of Duty 3,7-Nov-06,2.8,Shooter,2900
Shadow Warrior,26-Sep-13,3.2,Adventure-Shooter,1700
Warcraft III: The Frozen Throne,1-Jul-03,4.3,Real Time Strategy-Strategy,2600
Yakuza 4,8-Mar-10,3.8,Adventure-Brawler-RPG-Simulator-Sport,1400
Megami Ibunroku Persona,20-Sep-96,3.7,RPG,16
Persona 4 Arena,1-Mar-12,3.4,Adventure-Fighting-RPG,1900
Scribblenauts,15-Sep-09,3.2,Puzzle,3200
Rock Band 2,14-Sep-08,4.0,Music,2000
Armored Core 4,21-Dec-06,3.7,Fighting,252
Rez Infinite,13-Oct-16,4.0,Music-Shooter,713
Plants vs. Zombies 2: It's About Time,15-Aug-13,2.7,Adventure-Real Time Strategy-Strategy-Tactical,2400
Cadence of Hyrule: Crypt of the NecroDancer Featuring the Legend of Zelda,13-Jun-19,3.6,Adventure-Music,1800
100% Orange Juice,15-Aug-09,3.4,Card & Board Game-Indie-Strategy-Turn Based Strategy,1800
Tekken 6,26-Nov-07,3.4,Fighting,2300
Mortal Kombat 3,15-Apr-95,3.1,Fighting,1700
Pokémon Mystery Dungeon: Explorers of Time,13-Sep-07,4.0,Adventure-RPG-Turn Based Strategy,2300
Chulip,3-Oct-02,4.1,Adventure-Puzzle,308
Crash Nitro Kart,11-Nov-03,3.1,Racing,1700
Bubble Bobble,16-Jun-86,3.3,Arcade-Platform-Puzzle-Strategy,1400
Shantae: Half-Genie Hero,20-Dec-16,3.4,Adventure-Indie-Platform,1500
Snake,18-Dec-97,3.1,Arcade,2400
Tales of Vesperia,7-Aug-08,3.9,RPG,1100
Mega Man X8,7-Dec-04,3.3,Adventure-Platform,1400
Fire Emblem: New Mystery of the Emblem,15-Jul-10,3.7,RPG-Strategy-Turn Based Strategy,848
Mario & Luigi: Superstar Saga + Bowser's Minions,5-Oct-17,3.9,Adventure-Platform-RPG,1100
Suikoden,15-Dec-95,3.6,RPG,933
Binary Domain,16-Feb-12,3.5,Shooter,1100
Shin Megami Tensei: Devil Survivor,15-Jan-09,3.9,RPG-Strategy-Tactical-Visual Novel,1000
JoJo's Bizarre Adventure: Eyes of Heaven,17-Dec-15,2.8,Arcade-Fighting,1700
Audiosurf,15-Feb-08,3.2,Indie-Music-Puzzle,1600
Better Call Saul Kart,30-Sep-22,4.2,Racing,26
The Secret of Monkey Island,1-Oct-90,4.1,Adventure-Puzzle,1400
Resistance: Fall of Man,11-Nov-06,3.0,Adventure-Shooter,1300
Sniper Elite 4,13-Feb-17,3.1,Adventure-Shooter-Tactical,1500
Metal Gear Solid HD Collection,8-Nov-11,4.5,Adventure-Strategy-Tactical,1500
The Simpsons: Road Rage,19-Nov-01,2.9,Racing,1700
Melty Blood Actress Again Current Code,29-Jul-10,4.1,Arcade-Fighting,1900
Path of Exile,23-Oct-13,3.3,Adventure-Brawler-RPG,2400
Machinarium,16-Oct-09,3.7,Adventure-Indie-Puzzle,1600
Guacamelee!,9-Apr-13,3.5,Adventure-Brawler-Indie-Platform,1800
Tales of Zestiria,22-Jan-15,2.7,RPG,1700
Black,24-Feb-06,3.4,Shooter,2100
Mario Super Sluggers,19-Jun-08,3.7,Sport,1800
Worms Armageddon,29-Jan-99,3.8,Platform-Shooter-Strategy,2100
Street Fighter II Turbo,11-Jul-93,3.7,Fighting,1600
Tekken 4,1-Jul-01,3.4,Fighting,1900
Legacy of Kain: Soul Reaver,16-Aug-99,3.7,Adventure,1300
Mega Man X7,17-Jul-03,1.4,Adventure-Platform,1300
Final Fantasy I & II: Dawn of Souls,29-Jul-04,3.4,RPG,1100
Mega Man ZX,6-Jul-06,3.7,Platform-Shooter,1300
Metal Gear 2: Solid Snake,20-Jul-90,3.5,Adventure,1200
The Missing: J.J. Macfield and the Island of Memories,11-Oct-18,3.8,Adventure-Indie-Platform-Puzzle,779
Silent Hill 2: Restless Dreams,19-Dec-01,4.5,Adventure,514
Friday the 13th: The Game,25-May-17,2.6,Indie,2200
Quake II,9-Dec-97,3.4,Shooter,1500
NBA Jam,2-Jun-93,3.6,Sport,847
Final Fantasy X HD Remaster,26-Dec-13,4.3,Adventure-RPG,867
Mario vs. Donkey Kong,24-May-04,3.3,Platform-Puzzle,1500
Kenshi,6-Dec-18,4.0,Indie-RPG-Simulator-Strategy,527
Remember Me,3-Jun-13,2.9,Adventure-Platform,1600
Alpha Protocol,28-May-10,3.3,RPG-Shooter,987
Indivisible,8-Oct-19,3.1,Adventure-Indie-Platform-RPG,969
Jazzpunk,7-Feb-14,3.6,Adventure-Indie,935
Need for Speed: Hot Pursuit,16-Nov-10,3.3,Racing,2000
The House in Fata Morgana: A Requiem for Innocence,16-Aug-15,4.3,Adventure-Visual Novel,625
Phantom Brigade,28-Feb-23,2.8,Indie-RPG-Strategy-Tactical-Turn Based Strategy,16
Altered Beast,1-Aug-88,2.5,Brawler-Platform,1500
Broken Age,28-Jan-14,3.1,Adventure-Indie-Puzzle,1300
Telling Lies,23-Aug-19,2.8,Indie-Simulator,646
Saints Row: Gat Out of Hell,20-Jan-15,2.4,Adventure-Shooter,2000
Ratchet & Clank: Size Matters,13-Feb-07,2.8,Adventure-Platform-Shooter,1500
Mario Hoops 3-on-3,27-Jul-06,3.5,Sport,1800
Mario Power Tennis,28-Oct-04,3.5,Sport,1900
Keep Talking and Nobody Explodes,16-Jul-15,3.7,Card & Board Game-Indie-Puzzle-Simulator,2000
The Swapper,30-May-13,3.4,Adventure-Indie-Platform-Puzzle-Strategy,1100
Ms. Pac-Man,3-Feb-82,3.6,Arcade,1600
Gun,5-Nov-05,3.3,Adventure,1400
Naruto: Ultimate Ninja 3,22-Dec-05,3.5,Fighting,1900
The Ultimate Doom,30-Apr-95,4.1,Shooter,1200
Superman: The New Superman Adventures,31-May-99,0.7,Adventure-Shooter,859
Ruiner,26-Sep-17,3.2,Adventure-Indie-Shooter-Strategy,1100
The Lord of the Rings: The Two Towers,21-Oct-02,3.3,Adventure-Brawler,1600
Dragon Quest II: Luminaries of the Legendary Line,31-Dec-05,3.0,RPG,891
Chivalry: Medieval Warfare,16-Oct-12,2.9,Brawler-Fighting-Indie,1600
FIFA 14,24-Sep-13,3.2,Sport,2200
Bit.Trip Runner,14-May-10,3.1,Arcade-Indie-Music-Platform,1200
Pokémon Pinball: Ruby & Sapphire,1-Aug-03,3.5,Adventure-Arcade-Pinball,1600
FIFA 13,25-Sep-12,3.2,Simulator-Sport,1600
La-Mulana,13-Jul-12,3.9,Adventure-Indie-Platform-Puzzle,492
The Warriors,17-Oct-05,3.9,Brawler-Fighting,927
Mortal Kombat XL,1-Mar-16,3.6,Fighting,1100
Anonymous;Code,28-Jul-22,4.2,Adventure-Visual Novel,8
Higurashi no Naku Koro ni: Chapter 2 - Watanagashi,29-Dec-02,3.7,Adventure-Visual Novel,1200
Aokana: Four Rhythms Across the Blue,8-Jan-16,3.9,Adventure-Visual Novel,164
Shantae and the Seven Sirens,27-Mar-20,3.5,Adventure-Platform,512
Mega Man ZX Advent,12-Jul-07,3.6,Adventure-Platform-Shooter,976
Slither.io,25-Mar-16,2.2,Arcade-Simulator,2100
Twisted Metal,5-Nov-95,3.1,Fighting-Racing-Shooter,986
Dragon Age: Origins - Awakening,16-Mar-10,3.9,RPG-Strategy,1000
Parasite Eve II,16-Dec-99,3.4,RPG,763
The Jackbox Party Pack,18-Nov-14,2.9,Indie-Puzzle-Strategy,1400
Tom Clancy's Splinter Cell: Pandora Tomorrow,23-Mar-04,3.4,Shooter-Tactical,1000
Payday: The Heist,18-Oct-11,2.9,Shooter,1300
Pokémon Rumble Blast,11-Aug-11,2.9,Adventure-Brawler-Fighting-RPG,1200
Nicktoons Unite!,26-Oct-05,2.5,Adventure,785
Ruined King: A League of Legends Story,16-Nov-21,3.6,Adventure-Indie-RPG-Turn Based Strategy,413
Picross S3,25-Apr-19,3.9,Puzzle-Strategy,187
Lisa the Joyful,24-Aug-15,3.7,Adventure-Indie-RPG-Turn Based Strategy,1000
The King of Fighters '98,23-Jul-98,3.9,Fighting,1500
Kingdoms of Amalur: Reckoning,7-Feb-12,3.2,Brawler-RPG,1200
Grand Theft Auto,21-Oct-97,2.5,Adventure-Racing-Shooter,1600
Europa Universalis IV,13-Aug-13,3.8,Real Time Strategy-Simulator-Strategy,1300
Sonic the Hedgehog 2,16-Oct-92,2.8,Adventure-Arcade-Platform,1400
Guitar Hero 5,1-Sep-09,3.2,Music,1100
Silent Hill: Homecoming,30-Sep-08,2.1,Adventure-Fighting,1300
Mighty No. 9,21-Jun-16,1.6,Adventure-Arcade-Platform-Shooter,907
FIFA 13,25-Sep-12,3.2,Simulator-Sport,1600
Dragon Ball GT: Final Bout,21-Aug-97,1.8,Fighting,1200
Killzone 3,22-Feb-11,3.1,Shooter,1300
WWE SmackDown vs. Raw 2008,9-Nov-07,3.1,Fighting-Sport,1400
Children of Morta,3-Sep-19,3.4,Adventure-Indie-RPG,727
The Godfather,21-Mar-06,3.6,Adventure-Racing-Shooter,1100
Billy Hatcher and the Giant Egg,23-Sep-03,3.1,Platform,797
Tekken Tag Tournament 2,14-Sep-11,3.8,Fighting,1700
Bloons TD 5,14-Dec-11,3.6,Simulator-Strategy-Tactical,1600
JoJo's Bizarre Adventure,31-Oct-99,3.7,Fighting,634
Another World,31-Dec-91,3.3,Adventure-Platform-Puzzle,939
Back to the Future: The Game,22-Dec-10,3.2,Adventure,763
Team Sonic Racing,21-May-19,2.9,Arcade-Racing,1500
Dragon's Dogma,22-May-12,3.7,Brawler-RPG,1100
Baldur's Gate 3,6-Oct-20,4.1,Adventure-RPG-Strategy-Tactical-Turn Based Strategy,269
The LEGO Movie Videogame,4-Feb-14,2.8,Adventure-Puzzle,1700
